Plate,Type,Make,Model,Class,Year,Engine_CC,Base_Price_USD,City,Usage,Trip_ID,Trip_Distance_km,Trip_Duration_Hour,Road_Type,Direction,Weather,Status,Speed_kmh,Acceleration_mps2,RPM,Throttle_pct,Engine_Load_pct,Coolant_Temp_C,MAF_gs,Battery_V,GPS_Latitude,GPS_Longitude,Harsh_Brake_Count,Harsh_Accel_Count,Harsh_Corner_Count,Total_Harsh_Events_per_Day,Fuel_Efficiency_L_per_100km,Last_Update,Recent_Harsh_Events,Vehicle_Age_Years,Speeding_Excess_kmh,Recent_Avg_Speed,Recent_Night_Distance
AKD2313,Minibus,Toyota,Quantum,Commercial,2023,3000,40000.0,Harare,Commercial,TRIP-437542,18.04,0.321,Rural Tarred,Northwest,Partly Cloudy,Driving,61.037290220769904,1.5,1000.0,7.0,6.0,77.4828678413915,7.912799048615292,12.584545234661956,-17.726535345996044,30.9086381738541,1,2,1,4,2.5754887412939067,2026-05-03 11:09:45,4.0,3.0,0.0,57.98542570973141,4.882983217661592
AWM7593,SUV,Nissan,Murano,Full-size,2022,2500,18000.0,Kwekwe,Private,,0.0,0.0,Urban,North,Partly Cloudy,Parked,0.0,0.0,700.0,0.0,5.0,75.14041571420023,2.0,12.575075682172933,-18.815984755346378,29.921280075001746,0,0,0,0,4.259419048414543,2026-05-03 11:09:45,0.0,4.0,0.0,0.0,0.0
AUA9409,SUV,Mazda,CX-5,Mid-size,2008,2200,15000.0,Mutare,Private,TRIP-437438,24.76,0.387,Potholed,Northwest,Sunny,Driving,64.1,-1.1824644001179323,1000.0,7.0,6.0,77.22135194156154,9.747061555179556,12.588421981921837,-18.929405964833105,32.810402240808045,0,1,0,1,3.3036300652772175,2026-05-03 11:09:45,1.0,18.0,19.099999999999994,60.89499999999999,5.127999999999999
AIR9579,SUV,Toyota,Fortuner,Mid-size,2013,2400,45000.0,Zvishavane,Private,,0.0,0.0,Urban,North,Light Rain,Parked,0.0,0.0,700.0,0.0,5.0,76.15494512282146,2.0,12.582510688715663,-20.270226599017057,29.94837198487423,0,0,0,0,3.88101472107957,2026-05-03 11:09:45,0.0,13.0,0.0,0.0,0.0
AUU5889,Sedan,Nissan,Bluebird Sylphy,Mid-size,2013,1800,7500.0,Bulawayo,Private,,0.0,0.0,Urban,North,Thunderstorm,Parked,0.0,0.0,700.0,0.0,5.0,75.66491376939469,2.0,12.556953920173669,-20.015804537630956,28.724340524827937,0,0,0,0,3.477736523377721,2026-05-03 11:09:45,0.0,13.0,0.0,0.0,0.0
AXS4326,Heavy Truck,Scania,R-Series,Heavy Commercial,2024,13000,150000.0,Bulawayo,Commercial,TRIP-454084,24.89,0.702,Urban,Southeast,Thunderstorm,Driving,32.1,1.0321484588157521,1000.0,7.0,6.0,76.28315722358393,7.867685290079052,12.600018928264523,-20.22118788497114,28.692596402328107,3,1,1,5,3.4412262499339383,2026-05-03 11:09:45,5.0,2.0,0.0,30.495,2.568
AIA9490,Van,Toyota,Regius Ace,Commercial,2011,2500,25000.0,Masvingo,Commercial,TRIP-431332,35.21,0.926,Highway,West,Thunderstorm,Driving,43.8,-1.5,1000.0,7.0,6.0,76.97929102164758,10.175895000757542,12.651103546975637,-20.078170952798672,30.83099159199991,2,2,0,4,3.4714215502733126,2026-05-03 11:09:45,4.0,15.0,0.0,41.60999999999999,3.504
ACP2192,Pickup,Ford,Ranger,Light Commercial,2024,2000,33000.0,Bulawayo,Commercial,,0.0,0.0,Urban,North,Thunderstorm,Parked,0.0,0.0,700.0,0.0,5.0,76.26908853739415,2.0,12.547592845511945,-20.139121993646896,28.69047277538745,0,0,0,0,4.056999861286799,2026-05-03 11:09:45,0.0,2.0,0.0,0.0,0.0
ALO5694,SUV,Toyota,Land Cruiser Prado,Full-size,2009,2800,70000.0,Bulawayo,Private,,0.0,0.0,Urban,North,Thunderstorm,Parked,0.0,0.0,700.0,0.0,5.0,75.90777336890362,2.0,12.541695279701514,-20.18951567748417,28.739328285457127,0,0,0,0,3.1215832032700104,2026-05-03 11:09:45,0.0,17.0,0.0,0.0,0.0
AWP5482,Van,Nissan,Vanette,Light Commercial,2023,2000,12000.0,Harare,Commercial,,0.0,0.0,Urban,North,Partly Cloudy,Parked,0.0,0.0,700.0,0.0,5.0,76.16365084128579,2.0,12.571225474952243,-17.853056772714016,31.00902237695926,0,0,0,0,3.9471842784070996,2026-05-03 11:09:45,0.0,3.0,0.0,0.0,0.0
AWH2785,SUV,Subaru,Outback,Full-size,2011,2500,16000.0,Mutare,Private,TRIP-414111,32.87,0.85,Urban,West,Sunny,Driving,44.86386381206633,-0.9108925166489699,1000.0,7.0,6.0,76.45777464074061,8.597943439793111,12.626037760037054,-19.047258763297283,32.65782312517981,2,3,1,6,2.0,2026-05-03 11:09:45,6.0,15.0,0.0,42.620670621463006,3.5891091049653063
AIZ7052,SUV,Nissan,Murano,Full-size,2023,2500,18000.0,Chegutu,Private,,0.0,0.0,Urban,North,Partly Cloudy,Parked,0.0,0.0,700.0,0.0,5.0,75.57004907909403,2.0,12.536389550336235,-18.159095406693485,30.092776175303136,0,0,0,0,2.089961143420024,2026-05-03 11:09:45,0.0,3.0,0.0,0.0,0.0
AMS5742,SUV,Nissan,Murano,Full-size,2013,2500,18000.0,Mvuma,Private,,0.0,0.0,Urban,North,Sunny,Parked,0.0,0.0,700.0,0.0,5.0,75.66901345617103,2.0,12.599530929314563,-19.190865962172392,30.422783340846745,0,0,0,0,2.991701528526161,2026-05-03 11:09:45,0.0,13.0,0.0,0.0,0.0
AFD6045,Sedan,Mazda,Mazda3/Axela,Mid-size,2016,1500,7000.0,Bulawayo,Private,,0.0,0.0,Urban,North,Thunderstorm,Parked,0.0,0.0,700.0,0.0,5.0,75.46120644650335,2.0,12.541493297652469,-20.220160013827144,28.499402600540535,0,0,0,0,2.561979420315735,2026-05-03 11:09:45,0.0,10.0,0.0,0.0,0.0
AUN2920,Sedan,Honda,Fit,Compact,2017,1300,5500.0,Bulawayo,Private,,0.0,0.0,Urban,North,Thunderstorm,Parked,0.0,0.0,700.0,0.0,5.0,75.83864593055462,2.0,12.583439192904867,-20.18088516672932,28.7476827202199,0,0,0,0,3.1569660436804776,2026-05-03 11:09:45,0.0,9.0,0.0,0.0,0.0
AHH4627,SUV,Subaru,Outback,Full-size,2011,2500,16000.0,Harare,Private,,0.0,0.0,Urban,North,Partly Cloudy,Parked,0.0,0.0,700.0,0.0,5.0,76.43024486811625,2.0,12.566088471809293,-17.9193599291249,31.053441262835342,0,0,0,0,3.65736638053027,2026-05-03 11:09:45,0.0,15.0,0.0,0.0,0.0
AGF7319,Light Truck,Hino,300 Series,Heavy Commercial,2008,4000,48000.0,Harare,Commercial,,0.0,0.0,Urban,North,Partly Cloudy,Parked,0.0,0.0,700.0,0.0,5.0,75.71102015177954,2.0,12.576135099076764,-17.972242977564296,31.116882867280516,0,0,0,0,2.784839730050829,2026-05-03 11:09:45,0.0,18.0,0.0,0.0,0.0
AHA6539,Sedan,Toyota,Camry,Full-size,2014,2400,12000.0,Mvuma,Private,,0.0,0.0,Urban,North,Sunny,Parked,0.0,0.0,700.0,0.0,5.0,75.9974912297131,2.0,12.552307245079218,-19.357094996382273,30.560792739791474,0,0,0,0,3.339977021249365,2026-05-03 11:09:45,0.0,12.0,0.0,0.0,0.0
AQN8835,Minibus,Nissan,Urvan,Commercial,2012,3000,38000.0,Gweru,Commercial,TRIP-163636,17.31,0.276,Urban,South,Sunny,Driving,72.88907171032155,1.5,1000.0,7.0,6.0,77.43698623839988,8.192857279966482,12.579896255237585,-19.30748110837273,29.778546011714926,0,1,2,3,3.2597952840790163,2026-05-03 11:09:45,3.0,14.0,0.0,69.24461812480547,5.831125736825724
AIA3033,Minibus,Toyota,Quantum,Commercial,2013,3000,40000.0,Gweru,Commercial,TRIP-750265,37.92,0.745,Local Streets,South,Sunny,Driving,53.074211134718034,-1.4371900199546177,1000.0,7.0,6.0,76.35905472290438,8.223652647818676,12.65246260984447,-19.570024079311317,29.74384246670417,1,1,1,3,3.0144591457219296,2026-05-03 11:09:45,3.0,13.0,0.0,50.42050057798213,4.245936890777442
AOI1440,Sedan,Volkswagen,Golf,Compact,2009,1400,8000.0,Bulawayo,Private,TRIP-246667,8.28,0.188,Highway,Northeast,Thunderstorm,Driving,64.1,-0.755936932205139,1000.0,7.0,6.0,76.26246863397625,8.388625717469925,12.60252964619802,-20.28102086530401,28.539516401673467,1,1,2,4,2.9043778899178236,2026-05-03 11:09:45,4.0,17.0,0.0,60.89499999999999,5.127999999999999
AFP3330,Pickup,Toyota,Hilux,Light Commercial,2008,2400,35000.0,Harare,Commercial,TRIP-316248,21.66,0.639,Potholed,East,Partly Cloudy,Driving,29.200000000000003,-1.1937539927213412,1000.0,7.0,6.0,76.46249619366473,8.448208920472888,12.651794958935193,-17.863107805935297,31.129769890953852,2,2,1,5,3.369037837283407,2026-05-03 11:09:45,5.0,18.0,0.0,27.740000000000002,2.3360000000000003
AZL0932,Sedan,Nissan,Tiida,Compact,2025,1500,6000.0,Mutare,Private,,0.0,0.0,Urban,North,Sunny,Parked,0.0,0.0,700.0,0.0,5.0,75.82579162980196,2.0,12.563981470683832,-19.101240842971595,32.652557087688294,0,0,0,0,4.124292804698502,2026-05-03 11:09:45,0.0,1.0,0.0,0.0,0.0
AKO7541,Van,Toyota,Hiace,Commercial,2023,2800,35000.0,Bulawayo,Commercial,,0.0,0.0,Urban,North,Thunderstorm,Parked,0.0,0.0,700.0,0.0,5.0,75.79672566005952,2.0,12.548309071582366,-20.073624831848292,28.619992779599805,0,0,0,0,2.82471537561244,2026-05-03 11:09:45,0.0,3.0,0.0,0.0,0.0
APV2067,Pickup,Mazda,BT-50,Light Commercial,2013,2500,30000.0,Harare,Commercial,TRIP-633924,20.3,0.597,Urban,South,Partly Cloudy,Driving,34.18882056914207,1.5,1000.0,7.0,6.0,76.67044338529706,8.86050000993285,12.634099405370277,-17.80808699648238,31.023459462565928,1,3,0,4,3.4587840597632695,2026-05-03 11:09:45,4.0,13.0,0.0,32.47937954068496,2.7351056455313656
AIT4069,SUV,Toyota,Rav4,Compact,2014,2000,15000.0,Kadoma,Private,,0.0,0.0,Urban,North,Partly Cloudy,Parked,0.0,0.0,700.0,0.0,5.0,75.1067371722758,2.0,12.55751690117067,-18.477907177604784,29.916544726720836,0,0,0,0,2.985178591800711,2026-05-03 11:09:45,0.0,12.0,0.0,0.0,0.0
ABB6231,Sedan,Toyota,Camry,Full-size,2024,2400,12000.0,Masvingo,Private,,0.0,0.0,Urban,North,Thunderstorm,Parked,0.0,0.0,700.0,0.0,5.0,76.13044607376341,2.0,12.556268444245262,-19.978724651711367,30.92004190810569,0,0,0,0,3.9811399011892146,2026-05-03 11:09:45,0.0,2.0,0.0,0.0,0.0
AMV9643,Tipper Truck,Mercedes-Benz,Actros,Heavy Commercial,2011,12800,155000.0,Harare,Commercial,TRIP-101870,48.72,1.005,Potholed,South,Partly Cloudy,Driving,49.15907126675677,0.4497551318835682,1000.0,7.0,6.0,76.70848956104527,8.478298076593632,12.578191071005806,-17.847357351732292,30.908705757890033,0,0,0,0,2.4675617912674435,2026-05-03 11:09:45,0.0,15.0,4.159071266756769,46.70111770341893,3.9327257013405417
AHS6295,SUV,Nissan,Murano,Full-size,2016,2500,18000.0,Gweru,Private,TRIP-974469,17.93,0.379,Highway,Southeast,Sunny,Driving,61.2,0.6535106681563173,1000.0,7.0,6.0,77.07824659688954,7.53569870286683,12.650243957270407,-19.307346634831216,29.789439679381243,0,1,0,1,2.9990707150615012,2026-05-03 11:09:45,1.0,10.0,0.0,58.14,4.896
AOE1694,Light Truck,Hino,300 Series,Heavy Commercial,2011,4000,48000.0,Harare,Commercial,,0.0,0.0,Urban,North,Partly Cloudy,Parked,0.0,0.0,700.0,0.0,5.0,76.05171698954722,2.0,12.579129235867795,-17.88011374580223,30.919325022450465,0,0,0,0,3.378560158568171,2026-05-03 11:09:45,0.0,15.0,0.0,0.0,0.0
AJO8306,Pickup,Isuzu,D-Max,Light Commercial,2024,2500,32000.0,Mutare,Commercial,TRIP-982276,19.18,0.395,Urban,West,Sunny,Driving,48.535503583834824,0.9714719839751869,1000.0,7.0,6.0,77.66554254791781,9.805443798370503,12.616791945833958,-18.978474092782694,32.6192547879173,2,2,2,6,4.09255110931825,2026-05-03 11:09:45,6.0,2.0,0.0,46.10872840464308,3.882840286706786
AJX3365,Van,Toyota,Regius Ace,Commercial,2023,2500,25000.0,Harare,Commercial,TRIP-524573,38.51,0.873,Local Streets,Northwest,Partly Cloudy,Driving,45.325026433054596,0.4611214436333308,1000.0,7.0,6.0,77.38399114090873,7.771429864263331,12.614997509253119,-17.764806422072233,31.139545344922887,3,2,1,6,3.334753679563746,2026-05-03 11:09:45,6.0,3.0,0.0,43.058775111401864,3.626002114644368
AZQ1793,Van,Toyota,Hiace,Commercial,2021,2800,35000.0,Harare,Commercial,,0.0,0.0,Urban,North,Partly Cloudy,Parked,0.0,0.0,700.0,0.0,5.0,75.38235159739689,2.0,12.574126265121418,-17.837637210666855,31.04369231831346,0,0,0,0,3.0785166725890982,2026-05-03 11:09:45,0.0,5.0,0.0,0.0,0.0
ARV0568,Sedan,Mazda,Demio/Mazda2,Compact,2015,1300,5000.0,Harare,Private,,0.0,0.0,Urban,North,Partly Cloudy,Parked,0.0,0.0,700.0,0.0,5.0,76.25574072027179,2.0,12.563912436009634,-17.898359140036384,31.18098128941956,0,0,0,0,3.378901564240593,2026-05-03 11:09:45,0.0,11.0,0.0,0.0,0.0
ACD0105,SUV,Toyota,Rav4,Compact,2019,2000,15000.0,Chinhoyi,Private,,0.0,0.0,Urban,North,Sunny,Parked,0.0,0.0,700.0,0.0,5.0,75.58487834997817,2.0,12.553155753733455,-17.298189050949443,30.191539500558452,0,0,0,0,3.11590588033766,2026-05-03 11:09:45,0.0,7.0,0.0,0.0,0.0
ANZ7798,SUV,Honda,CR-V,Mid-size,2010,2000,14000.0,Plumtree,Private,,0.0,0.0,Urban,North,Partly Cloudy,Parked,0.0,0.0,700.0,0.0,5.0,76.01541737932023,2.0,12.571884947538118,-20.481746625755576,27.794839237966748,0,0,0,0,4.447552888220539,2026-05-03 11:09:45,0.0,16.0,0.0,0.0,0.0
ADV4444,SUV,Honda,Vezel/HR-V,Compact,2024,1500,12000.0,Harare,Private,,0.0,0.0,Urban,North,Partly Cloudy,Parked,0.0,0.0,700.0,0.0,5.0,75.69226501098737,2.0,12.58460990249053,-17.760374442913978,31.020401612518945,0,0,0,0,3.873639146367521,2026-05-03 11:09:45,0.0,2.0,0.0,0.0,0.0
AQD2109,Sedan,Toyota,Allion,Mid-size,2011,1500,8500.0,Mutare,Private,,0.0,0.0,Urban,North,Sunny,Parked,0.0,0.0,700.0,0.0,5.0,75.63924700934683,2.0,12.552594649168732,-18.821897566924772,32.634931178968934,0,0,0,0,2.4997029555616024,2026-05-03 11:09:45,0.0,15.0,0.0,0.0,0.0
ADX5847,SUV,Subaru,Outback,Full-size,2021,2500,16000.0,Gweru,Private,,0.0,0.0,Urban,North,Sunny,Parked,0.0,0.0,700.0,0.0,5.0,75.91657512690774,2.0,12.588135008446946,-19.5088918239998,29.790941695988014,0,0,0,0,2.944733054269834,2026-05-03 11:09:45,0.0,5.0,0.0,0.0,0.0
AQN9350,Sedan,Nissan,Tiida,Compact,2025,1500,6000.0,Mutare,Private,,0.0,0.0,Urban,North,Sunny,Parked,0.0,0.0,700.0,0.0,5.0,75.98106749739826,2.0,12.583811506825485,-19.01876918184632,32.55047681355398,0,0,0,0,3.133965692734617,2026-05-03 11:09:45,0.0,1.0,0.0,0.0,0.0
AXN2436,Pickup,Volkswagen,Amarok,Light Commercial,2020,2000,35000.0,Redcliff,Commercial,TRIP-310290,2.88,0.122,Local Streets,Southwest,Sunny,Driving,54.1,0.5632363541287768,1000.0,7.0,6.0,77.1295308937803,8.83769710008278,12.656965611607239,-19.114468023878075,29.634165466158727,0,2,0,2,4.171286755285852,2026-05-03 11:09:45,2.0,6.0,0.0,51.394999999999996,4.328
ASR5840,Pickup,Isuzu,D-Max,Light Commercial,2025,2500,32000.0,Bulawayo,Commercial,TRIP-488806,11.92,0.434,Local Streets,Northeast,Thunderstorm,Driving,29.79150826134741,0.7653527772298635,1000.0,7.0,6.0,77.49422215224779,8.735814760791474,12.616434776975838,-19.983542506878802,28.49104186217605,1,2,0,3,4.297864559372471,2026-05-03 11:09:45,3.0,1.0,0.0,28.30193284828004,2.383320660907793
AFZ7856,Heavy Truck,Volvo,FH,Heavy Commercial,2021,13000,140000.0,Harare,Commercial,,0.0,0.0,Urban,North,Partly Cloudy,Parked,0.0,0.0,700.0,0.0,5.0,75.50195700424734,2.0,12.562264530440297,-17.71948973845427,31.127615310928515,0,0,0,0,3.534399470814451,2026-05-03 11:09:45,0.0,5.0,0.0,0.0,0.0
AWG5121,Pickup,Volkswagen,Amarok,Light Commercial,2021,2000,35000.0,Bulawayo,Commercial,TRIP-927585,18.72,0.395,Urban,North,Thunderstorm,Driving,51.81989166017813,-0.349120257726022,1000.0,7.0,6.0,77.537002698067,8.128831955961006,12.619218911974574,-20.02142374857664,28.59280365599542,1,3,0,4,3.219561709885639,2026-05-03 11:09:45,4.0,5.0,0.0,49.22889707716922,4.14559133281425
AGN3816,SUV,Toyota,Fortuner,Mid-size,2018,2400,45000.0,Harare,Private,,0.0,0.0,Urban,North,Partly Cloudy,Parked,0.0,0.0,700.0,0.0,5.0,75.56115436096671,2.0,12.546911795009526,-17.81817542129069,31.16612608095504,0,0,0,0,2.3581248134134047,2026-05-03 11:09:45,0.0,8.0,0.0,0.0,0.0
ANE4020,Tipper Truck,Mercedes-Benz,Actros,Heavy Commercial,2024,12800,155000.0,Bulawayo,Commercial,,0.0,0.0,Urban,North,Thunderstorm,Parked,0.0,0.0,700.0,0.0,5.0,76.07438282789026,2.0,12.605381713555833,-20.066000045999143,28.580426750254126,0,0,0,0,3.718874028449109,2026-05-03 11:09:45,0.0,2.0,0.0,0.0,0.0
AFC7976,SUV,Toyota,Land Cruiser 300,Full-size,2012,3300,120000.0,Harare,Private,,0.0,0.0,Urban,North,Partly Cloudy,Parked,0.0,0.0,700.0,0.0,5.0,75.71449934464484,2.0,12.54028876881382,-17.69560889955535,31.027324280220128,0,0,0,0,2.916597071607446,2026-05-03 11:09:45,0.0,14.0,0.0,0.0,0.0
AKI2890,Sedan,BMW,3 Series,Luxury,2019,2000,15000.0,Mutare,Private,TRIP-680721,32.79,0.732,Urban,West,Sunny,Driving,40.20522399537938,0.6011405633055574,1000.0,7.0,6.0,76.72207049795216,6.868976533723202,12.61779897784018,-18.927722795642033,32.53192730048974,0,0,1,1,2.9813139939893016,2026-05-03 11:09:45,1.0,7.0,0.0,38.19496279561041,3.2164179196303504
AUI8186,Heavy Truck,Volvo,FH,Heavy Commercial,2011,13000,140000.0,Beitbridge,Commercial,TRIP-201810,18.94,0.382,Local Streets,West,Sunny,Driving,59.34433405169645,-0.6192453623325627,1000.0,7.0,6.0,76.8026301484757,9.257876995594668,12.595654943463867,-22.15141121544102,29.882372109773463,0,1,1,2,3.5271210466085186,2026-05-03 11:09:45,2.0,15.0,0.0,56.37711734911162,4.747546724135716
ACF0223,SUV,Toyota,Fortuner,Mid-size,2020,2400,45000.0,Masvingo,Private,,0.0,0.0,Urban,North,Thunderstorm,Parked,0.0,0.0,700.0,0.0,5.0,75.5791404930357,2.0,12.542805720504749,-20.200506322141305,30.952371787940706,0,0,0,0,4.139160522148342,2026-05-03 11:09:45,0.0,6.0,0.0,0.0,0.0
AKX3596,Sedan,Toyota,Camry,Full-size,2025,2400,12000.0,Bulawayo,Private,,0.0,0.0,Urban,North,Thunderstorm,Parked,0.0,0.0,700.0,0.0,5.0,75.50525562364538,2.0,12.570605076988054,-20.041671671996564,28.631569501355553,0,0,0,0,3.2078489888831894,2026-05-03 11:09:45,0.0,1.0,0.0,0.0,0.0
AOF1927,SUV,Honda,CR-V,Mid-size,2016,2000,14000.0,Bulawayo,Private,,0.0,0.0,Urban,North,Thunderstorm,Parked,0.0,0.0,700.0,0.0,5.0,75.79687982117126,2.0,12.562677134147117,-20.080707517161134,28.652226719723,0,0,0,0,2.920110129035292,2026-05-03 11:09:45,0.0,10.0,0.0,0.0,0.0
APR0540,Van,Nissan,Caravan,Commercial,2010,2500,22000.0,Bulawayo,Commercial,,0.0,0.0,Urban,North,Thunderstorm,Parked,0.0,0.0,700.0,0.0,5.0,75.96115394164589,2.0,12.581198867461003,-20.158035822997434,28.680870859686294,0,0,0,0,3.871572465852393,2026-05-03 11:09:45,0.0,16.0,0.0,0.0,0.0
AGO5154,Sedan,Nissan,Bluebird Sylphy,Mid-size,2021,1800,7500.0,Gweru,Private,,0.0,0.0,Urban,North,Sunny,Parked,0.0,0.0,700.0,0.0,5.0,75.69685794136646,2.0,12.548808311935503,-19.58084678717974,29.686651173636488,0,0,0,0,3.976288187661299,2026-05-03 11:09:45,0.0,5.0,0.0,0.0,0.0
ABA6140,SUV,Honda,CR-V,Mid-size,2008,2000,14000.0,Bulawayo,Private,TRIP-618639,27.39,0.844,Local Streets,Southwest,Thunderstorm,Driving,34.89431314435369,0.9098579045655613,1000.0,7.0,6.0,76.45094560740755,7.624604523658315,12.631970754795072,-20.191648280655883,28.63507690364287,3,0,0,3,2.9459197644347515,2026-05-03 11:09:45,3.0,18.0,0.0,33.149597487136,2.791545051548295
AZN2901,Sedan,Honda,Accord,Full-size,2016,2000,10000.0,Harare,Private,,0.0,0.0,Urban,North,Partly Cloudy,Parked,0.0,0.0,700.0,0.0,5.0,75.5059981104251,2.0,12.560854184195554,-17.94564561940179,30.91343171631763,0,0,0,0,4.045332674957859,2026-05-03 11:09:45,0.0,10.0,0.0,0.0,0.0
AKP6484,Pickup,Isuzu,D-Max,Light Commercial,2022,2500,32000.0,Bulawayo,Commercial,TRIP-308845,9.02,0.181,Gravel,South,Thunderstorm,Driving,56.70987649222278,1.5,1000.0,7.0,6.0,76.82111400056625,7.120487374925727,12.560014032460735,-20.192413970280327,28.749517136112164,1,2,1,4,3.778543325683331,2026-05-03 11:09:45,4.0,4.0,0.0,53.87438266761164,4.536790119377823
AZG1998,SUV,Honda,CR-V,Mid-size,2023,2000,14000.0,Harare,Private,,0.0,0.0,Urban,North,Partly Cloudy,Parked,0.0,0.0,700.0,0.0,5.0,76.13203511049984,2.0,12.558419750539175,-17.955420805338548,31.12907433136833,0,0,0,0,3.1954451085189324,2026-05-03 11:09:45,0.0,3.0,0.0,0.0,0.0
AMW0705,Sedan,Mercedes-Benz,C-Class,Luxury,2015,1800,16000.0,Harare,Private,,0.0,0.0,Urban,North,Partly Cloudy,Parked,0.0,0.0,700.0,0.0,5.0,75.51764064869127,2.0,12.543398370245061,-17.838517491443366,30.92348567868734,0,0,0,0,3.4768537591526165,2026-05-03 11:09:45,0.0,11.0,0.0,0.0,0.0
AUL4227,Sedan,Mazda,Mazda3/Axela,Mid-size,2010,1500,7000.0,Mutare,Private,,0.0,0.0,Urban,North,Sunny,Parked,0.0,0.0,700.0,0.0,5.0,75.84794455108965,2.0,12.540616316580852,-19.00411773606579,32.54806999282577,0,0,0,0,2.817139404788071,2026-05-03 11:09:45,0.0,16.0,0.0,0.0,0.0
AOK7680,SUV,Ford,Everest,Mid-size,2017,2000,45000.0,Mutare,Private,,0.0,0.0,Urban,North,Sunny,Parked,0.0,0.0,700.0,0.0,5.0,75.70572862731255,2.0,12.601492467085569,-18.88791512072939,32.667906324311524,0,0,0,0,2.1573982706194235,2026-05-03 11:09:45,0.0,9.0,0.0,0.0,0.0
AGJ9484,Pickup,Nissan,Navara/NP300,Light Commercial,2018,2400,28000.0,Mutare,Commercial,,0.0,0.0,Urban,North,Sunny,Parked,0.0,0.0,700.0,0.0,5.0,75.78518146588529,2.0,12.551004758273935,-18.99539615120152,32.712277488998645,0,0,0,0,2.8613285403099322,2026-05-03 11:09:45,0.0,8.0,0.0,0.0,0.0
ATP3139,Heavy Truck,Scania,R-Series,Heavy Commercial,2020,13000,150000.0,Mvuma,Commercial,,0.0,0.0,Urban,North,Sunny,Parked,0.0,0.0,700.0,0.0,5.0,75.45115618309855,2.0,12.546378023327048,-19.334489412882196,30.596725123640088,0,0,0,0,2.9915165773088974,2026-05-03 11:09:45,0.0,6.0,0.0,0.0,0.0
ABF6582,SUV,Nissan,X-Trail,Mid-size,2008,2000,13000.0,Plumtree,Private,,0.0,0.0,Urban,North,Partly Cloudy,Parked,0.0,0.0,700.0,0.0,5.0,76.13381375744588,2.0,12.566780959750515,-20.61422486848977,27.808303199954512,0,0,0,0,3.0193354132479975,2026-05-03 11:09:45,0.0,18.0,0.0,0.0,0.0
AOZ0012,Sedan,Nissan,Tiida,Compact,2025,1500,6000.0,Harare,Private,,0.0,0.0,Urban,North,Partly Cloudy,Parked,0.0,0.0,700.0,0.0,5.0,75.64426354131197,2.0,12.561384105265047,-17.764067394805924,31.049976804912294,0,0,0,0,3.0664298823369274,2026-05-03 11:09:45,0.0,1.0,0.0,0.0,0.0
ADI0734,Minibus,Toyota,Quantum,Commercial,2016,3000,40000.0,Harare,Commercial,TRIP-819704,27.66,0.487,Local Streets,Northeast,Partly Cloudy,Driving,57.833379262498454,-0.7349379978366113,1000.0,7.0,6.0,76.09338398206751,7.518151715010141,12.61281709095433,-17.937662177171138,30.96607075488316,0,2,0,2,2.9735789582399716,2026-05-03 11:09:45,2.0,10.0,0.0,54.941710299373526,4.626670340999876
AOA1992,Pickup,Toyota,Hilux,Light Commercial,2018,2400,35000.0,Harare,Commercial,TRIP-138241,27.53,1.123,Local Streets,Northeast,Partly Cloudy,Driving,23.361793669028383,0.38533890752710137,1000.0,5.7477807069661795,6.0,77.52649648087278,8.062589002814132,12.552839665025662,-17.834148476873303,31.07209531858717,3,1,4,8,3.8758358594763074,2026-05-03 11:09:45,8.0,8.0,0.0,22.193703985576963,1.8689434935222706
AZK6916,Pickup,Mazda,BT-50,Light Commercial,2013,2500,30000.0,Gweru,Commercial,,0.0,0.0,Urban,North,Sunny,Parked,0.0,0.0,700.0,0.0,5.0,76.2087010112592,2.0,12.526959031689811,-19.501160461601284,29.76655120511658,0,0,0,0,4.4741790394232845,2026-05-03 11:09:45,0.0,13.0,0.0,0.0,0.0
ANC1307,Sedan,Honda,Civic,Mid-size,2011,1500,8000.0,Bulawayo,Private,,0.0,0.0,Urban,North,Thunderstorm,Parked,0.0,0.0,700.0,0.0,5.0,75.4775637692314,2.0,12.565339359574436,-20.20971728408454,28.61969120360167,0,0,0,0,4.59443214215976,2026-05-03 11:09:45,0.0,15.0,0.0,0.0,0.0
AZV7642,Sedan,BMW,3 Series,Luxury,2015,2000,15000.0,Redcliff,Private,,0.0,0.0,Urban,North,Sunny,Parked,0.0,0.0,700.0,0.0,5.0,75.61126534139655,2.0,12.588536489871856,-19.02099316717852,29.643867943308226,0,0,0,0,2.8091388162561866,2026-05-03 11:09:45,0.0,11.0,0.0,0.0,0.0
ALB6751,Van,Toyota,Hiace,Commercial,2008,2800,35000.0,Kadoma,Commercial,TRIP-174810,16.04,0.412,Urban,Southwest,Partly Cloudy,Driving,42.09468260290753,-1.4992854190799407,1000.0,7.0,6.0,76.92230401311946,8.498828396059775,12.553293689874883,-18.23875220073001,29.85118871482094,3,0,0,3,3.502175707358134,2026-05-03 11:09:45,3.0,18.0,0.0,39.98994847276215,3.367574608232603
ABG9176,Minibus,Toyota,Quantum,Commercial,2025,3000,40000.0,Plumtree,Commercial,,0.0,0.0,Urban,North,Partly Cloudy,Parked,0.0,0.0,700.0,0.0,5.0,76.52895243200055,2.0,12.54585502665098,-20.512834089642773,27.672956316956597,0,0,0,0,3.0260618575016305,2026-05-03 11:09:45,0.0,1.0,0.0,0.0,0.0
AVP1349,SUV,Nissan,X-Trail,Mid-size,2008,2000,13000.0,Masvingo,Private,,0.0,0.0,Urban,North,Thunderstorm,Parked,0.0,0.0,700.0,0.0,5.0,76.2916532018016,2.0,12.550860852566801,-20.133542906935347,30.931502147479673,0,0,0,0,3.171400022646301,2026-05-03 11:09:45,0.0,18.0,0.0,0.0,0.0
AWY2892,Van,Nissan,Caravan,Commercial,2009,2500,22000.0,Masvingo,Commercial,,0.0,0.0,Urban,North,Thunderstorm,Parked,0.0,0.0,700.0,0.0,5.0,75.83080678437354,2.0,12.531234864332951,-20.21314400324415,30.76999242645233,0,0,0,0,2.655908235637006,2026-05-03 11:09:45,0.0,17.0,0.0,0.0,0.0
ALA3346,Minibus,Toyota,Quantum,Commercial,2015,3000,40000.0,Victoria Falls,Commercial,TRIP-492762,2.81,0.109,Local Streets,Northwest,Thunderstorm,Driving,51.5,1.5,1000.0,7.0,6.0,76.7968812223946,8.888611334301384,12.596016156206456,-17.78816962733585,25.837039346805668,3,1,1,5,4.548807601096444,2026-05-03 11:09:45,5.0,11.0,0.0,48.925,4.12
AUK4999,SUV,Toyota,Land Cruiser Prado,Full-size,2022,2800,70000.0,Gweru,Private,,0.0,0.0,Urban,North,Sunny,Parked,0.0,0.0,700.0,0.0,5.0,76.00549293409678,2.0,12.542643834343018,-19.515207048247927,29.767506126577963,0,0,0,0,3.942463700857914,2026-05-03 11:09:45,0.0,4.0,0.0,0.0,0.0
ALZ0779,Light Truck,Hino,300 Series,Heavy Commercial,2021,4000,48000.0,Bulawayo,Commercial,,0.0,0.0,Urban,North,Thunderstorm,Parked,0.0,0.0,700.0,0.0,5.0,75.66300111364134,2.0,12.601826942342052,-20.12901945446072,28.697774968141204,0,0,0,0,2.914972560057452,2026-05-03 11:09:45,0.0,5.0,0.0,0.0,0.0
ARJ6161,Sedan,Volkswagen,Golf,Compact,2018,1400,8000.0,Harare,Private,,0.0,0.0,Urban,North,Partly Cloudy,Parked,0.0,0.0,700.0,0.0,5.0,76.0442571934129,2.0,12.563755679108139,-17.73125109043565,31.045684609447957,0,0,0,0,2.94112889640641,2026-05-03 11:09:45,0.0,8.0,0.0,0.0,0.0
AZW5884,Sedan,Mazda,Mazda6/Atenza,Full-size,2023,2000,10000.0,Plumtree,Private,,0.0,0.0,Urban,North,Partly Cloudy,Parked,0.0,0.0,700.0,0.0,5.0,75.6733505023923,2.0,12.542118163220715,-20.544468739876425,27.915905530003354,0,0,0,0,3.712520451911947,2026-05-03 11:09:45,0.0,3.0,0.0,0.0,0.0
ANP8368,Pickup,Isuzu,D-Max,Light Commercial,2017,2500,32000.0,Zvishavane,Commercial,TRIP-154258,37.52,0.736,Urban,North,Light Rain,Driving,54.576795385663246,-0.7444716570867859,1000.0,7.0,6.0,77.1934635455322,9.467353971673422,12.62736575698361,-20.302140250113762,30.04527201467571,1,1,1,3,3.3249380801811785,2026-05-03 11:09:45,3.0,9.0,0.0,51.847955616380084,4.36614363085306
ADE7161,Pickup,Ford,Ranger,Light Commercial,2018,2000,33000.0,Harare,Commercial,TRIP-367854,41.4,1.074,Urban,South,Partly Cloudy,Driving,36.647736128228104,-0.6700606472322189,1000.0,7.0,6.0,76.93251915428411,7.861384334284971,12.636656945151199,-17.904873295964826,30.887133943615872,0,1,0,1,3.7106696356275304,2026-05-03 11:09:45,1.0,8.0,0.0,34.8153493218167,2.9318188902582483
AOX5140,Sedan,Nissan,Sunny/Almera,Compact,2018,1500,5500.0,Mutare,Private,,0.0,0.0,Urban,North,Sunny,Parked,0.0,0.0,700.0,0.0,5.0,75.48784574971735,2.0,12.570041488406613,-18.889050765895046,32.642708646957146,0,0,0,0,3.6696653450620116,2026-05-03 11:09:45,0.0,8.0,0.0,0.0,0.0
AXL1788,Minibus,Toyota,Quantum,Commercial,2010,3000,40000.0,Gwanda,Commercial,,0.0,0.0,Urban,North,Sunny,Parked,0.0,0.0,700.0,0.0,5.0,76.25977941839037,2.0,12.572040064965291,-20.794587599082284,28.87880764754745,0,0,0,0,4.215344670015536,2026-05-03 11:09:45,0.0,16.0,0.0,0.0,0.0
ABD2093,Sedan,Mazda,Demio/Mazda2,Compact,2008,1300,5000.0,Harare,Private,,0.0,0.0,Urban,North,Partly Cloudy,Parked,0.0,0.0,700.0,0.0,5.0,75.41208851794036,2.0,12.51478512835875,-17.736526444797217,31.090016523123463,0,0,0,0,3.579561267980533,2026-05-03 11:09:45,0.0,18.0,0.0,0.0,0.0
AVW4836,Van,Nissan,Caravan,Commercial,2010,2500,22000.0,Gweru,Commercial,TRIP-243267,24.39,0.455,Local Streets,Southeast,Sunny,Driving,63.192560330869796,0.5886375312438477,1000.0,7.0,6.0,76.85344638256984,8.76218737275738,12.623712607459183,-19.311444133729736,29.75836179048197,1,3,1,5,3.7718665889879555,2026-05-03 11:09:45,5.0,16.0,3.192560330869796,60.0329323143263,5.055404826469584
AEY4030,Sedan,Toyota,Corolla/Axio,Mid-size,2021,1500,7000.0,Bulawayo,Private,,0.0,0.0,Urban,North,Thunderstorm,Parked,0.0,0.0,700.0,0.0,5.0,75.36677099595559,2.0,12.563800436091775,-19.990832996152182,28.72795457962321,0,0,0,0,3.8501334130442224,2026-05-03 11:09:45,0.0,5.0,0.0,0.0,0.0
AIL8873,Van,Nissan,Caravan,Commercial,2024,2500,22000.0,Bulawayo,Commercial,TRIP-349944,35.17,0.947,Highway,North,Thunderstorm,Driving,44.6,-0.6250482170195906,1000.0,7.0,6.0,76.83597655905751,7.097967482768387,12.677896082841471,-20.067240820959476,28.480299047290973,1,1,0,2,3.4010804701153883,2026-05-03 11:09:45,2.0,2.0,0.0,42.37,3.568
ACO9838,Van,Toyota,Regius Ace,Commercial,2020,2500,25000.0,Bulawayo,Commercial,TRIP-442478,20.89,0.453,Highway,South,Thunderstorm,Driving,56.3,-0.6935549418145044,1000.0,7.0,6.0,75.41506742192414,7.777597061004535,12.627195251194099,-20.25482968402346,28.701633773023794,1,2,2,5,2.981868494217968,2026-05-03 11:09:45,5.0,6.0,0.0,53.48499999999999,4.504
AFX8702,Van,Toyota,Regius Ace,Commercial,2012,2500,25000.0,Victoria Falls,Commercial,,0.0,0.0,Urban,North,Thunderstorm,Parked,0.0,0.0,700.0,0.0,5.0,75.44765875576205,2.0,12.566760098434031,-17.89595670674902,25.757516002939433,0,0,0,0,3.717168641481483,2026-05-03 11:09:45,0.0,14.0,0.0,0.0,0.0
ANY8387,Pickup,Nissan,Navara/NP300,Light Commercial,2023,2400,28000.0,Mutare,Commercial,TRIP-229034,41.94,1.17,Highway,North,Sunny,Driving,42.9,-0.07200769227655525,1000.0,7.0,6.0,75.84717665616829,9.136695440549893,12.615480853019724,-18.865959987070617,32.706566979378486,2,0,0,2,3.0521481490575537,2026-05-03 11:09:45,2.0,3.0,0.0,40.754999999999995,3.432
AIR9642,SUV,Honda,CR-V,Mid-size,2010,2000,14000.0,Masvingo,Private,,0.0,0.0,Urban,North,Thunderstorm,Parked,0.0,0.0,700.0,0.0,5.0,76.3594646465096,2.0,12.563846949943665,-20.029533657218575,30.783457631733235,0,0,0,0,3.41855790783674,2026-05-03 11:09:45,0.0,16.0,0.0,0.0,0.0
AMN2723,Pickup,Mazda,BT-50,Light Commercial,2023,2500,30000.0,Chegutu,Commercial,,0.0,0.0,Urban,North,Partly Cloudy,Parked,0.0,0.0,700.0,0.0,5.0,75.80779276795177,2.0,12.571437873245443,-18.076494622910474,30.1620652643772,0,0,0,0,3.7549281360570537,2026-05-03 11:09:45,0.0,3.0,0.0,0.0,0.0
ASK1863,Sedan,Volkswagen,Golf,Compact,2018,1400,8000.0,Plumtree,Private,,0.0,0.0,Urban,North,Partly Cloudy,Parked,0.0,0.0,700.0,0.0,5.0,76.34953854562897,2.0,12.557158607107406,-20.57542723615273,27.73812648464449,0,0,0,0,2.6174229442960337,2026-05-03 11:09:45,0.0,8.0,0.0,0.0,0.0
AJP6926,Van,Toyota,Regius Ace,Commercial,2024,2500,25000.0,Harare,Commercial,TRIP-788145,34.36,0.838,Urban,Northwest,Partly Cloudy,Driving,43.15698058408156,-0.08833410865915664,1000.0,7.0,6.0,76.44773281213897,7.937589463911456,12.638802075820426,-17.908924577456116,30.898633379605307,1,2,0,3,2.519601182529577,2026-05-03 11:09:45,3.0,2.0,0.0,40.99913155487748,3.452558446726525
AEX9356,SUV,Subaru,Outback,Full-size,2022,2500,16000.0,Gweru,Private,,0.0,0.0,Urban,North,Sunny,Parked,0.0,0.0,700.0,0.0,5.0,75.98808462651388,2.0,12.550930981392813,-19.358994806764894,29.86714034271571,0,0,0,0,2.3298784475952283,2026-05-03 11:09:45,0.0,4.0,0.0,0.0,0.0
ABC4469,SUV,Nissan,Murano,Full-size,2009,2500,18000.0,Mutare,Private,,0.0,0.0,Urban,North,Sunny,Parked,0.0,0.0,700.0,0.0,5.0,75.92285369557678,2.0,12.555970538967255,-18.95392786941132,32.783642417809844,0,0,0,0,2.6049284986597856,2026-05-03 11:09:45,0.0,17.0,0.0,0.0,0.0
AEL0968,SUV,Mazda,CX-5,Mid-size,2011,2200,15000.0,Mvuma,Private,,0.0,0.0,Urban,North,Sunny,Parked,0.0,0.0,700.0,0.0,5.0,75.86135593962003,2.0,12.59539023281191,-19.27514372803754,30.67451027630008,0,0,0,0,3.2968257865623647,2026-05-03 11:09:45,0.0,15.0,0.0,0.0,0.0
AUX8144,SUV,Ford,Everest,Mid-size,2008,2000,45000.0,Harare,Private,,0.0,0.0,Urban,North,Partly Cloudy,Parked,0.0,0.0,700.0,0.0,5.0,75.54627262907802,2.0,12.547903236512214,-17.72595875968632,31.156825941107236,0,0,0,0,3.756838012037623,2026-05-03 11:09:45,0.0,18.0,0.0,0.0,0.0
ACW4803,Sedan,Toyota,Premio,Mid-size,2012,1500,9000.0,Bulawayo,Private,,0.0,0.0,Urban,North,Thunderstorm,Parked,0.0,0.0,700.0,0.0,5.0,75.59476071164829,2.0,12.538181983449938,-20.064311447081323,28.521565378015996,0,0,0,0,2.4192162555707544,2026-05-03 11:09:45,0.0,14.0,0.0,0.0,0.0
AJJ4768,Sedan,Nissan,Sunny/Almera,Compact,2020,1500,5500.0,Harare,Private,,0.0,0.0,Urban,North,Partly Cloudy,Parked,0.0,0.0,700.0,0.0,5.0,76.32183559176912,2.0,12.545629558075587,-17.906394588621406,31.114604290982374,0,0,0,0,3.5183778533554544,2026-05-03 11:09:45,0.0,6.0,0.0,0.0,0.0
ABI4535,Sedan,Mazda,Mazda6/Atenza,Full-size,2015,2000,10000.0,Gweru,Private,,0.0,0.0,Urban,North,Sunny,Parked,0.0,0.0,700.0,0.0,5.0,75.98797057115755,2.0,12.59312478333261,-19.314840359368702,29.674780518102466,0,0,0,0,3.2678322099230543,2026-05-03 11:09:45,0.0,11.0,0.0,0.0,0.0
AXB2306,Sedan,Honda,Civic,Mid-size,2024,1500,8000.0,Bulawayo,Private,,0.0,0.0,Urban,North,Thunderstorm,Parked,0.0,0.0,700.0,0.0,5.0,75.72421837105333,2.0,12.534964234966395,-20.064260058345756,28.64646859117925,0,0,0,0,2.593441443797266,2026-05-03 11:09:45,0.0,2.0,0.0,0.0,0.0
ABH0490,SUV,Nissan,X-Trail,Mid-size,2012,2000,13000.0,Harare,Private,,0.0,0.0,Urban,North,Partly Cloudy,Parked,0.0,0.0,700.0,0.0,5.0,75.96769493728343,2.0,12.560042405749327,-17.79666033301791,31.151970258153444,0,0,0,0,3.42202773250764,2026-05-03 11:09:45,0.0,14.0,0.0,0.0,0.0
AIW8516,Pickup,Nissan,Navara/NP300,Light Commercial,2015,2400,28000.0,Harare,Commercial,TRIP-845133,41.5,0.793,Local Streets,South,Partly Cloudy,Driving,51.69263328951875,0.9423067920251208,1000.0,7.0,6.0,76.8024424976502,8.152860835795309,12.633447263472924,-17.926727885909095,30.95396192686501,1,2,1,4,2.823565028425785,2026-05-03 11:09:45,4.0,11.0,0.0,49.10800162504281,4.1354106631615
ANA7974,Pickup,Nissan,Navara/NP300,Light Commercial,2010,2400,28000.0,Bulawayo,Commercial,TRIP-166684,34.09,0.564,Highway,Northeast,Thunderstorm,Driving,66.9,-0.9979209788068956,1000.0,7.0,6.0,77.75999943395657,10.177202912769873,12.634067001257836,-20.116337098874013,28.52742884807442,3,1,0,4,3.2909843472072438,2026-05-03 11:09:45,4.0,16.0,0.0,63.555,5.352
AJC8499,SUV,Honda,CR-V,Mid-size,2017,2000,14000.0,Bulawayo,Private,,0.0,0.0,Urban,North,Thunderstorm,Parked,0.0,0.0,700.0,0.0,5.0,75.72650825632796,2.0,12.533484105258399,-19.99667650138547,28.64668411415407,0,0,0,0,2.3073794280050883,2026-05-03 11:09:45,0.0,9.0,0.0,0.0,0.0
ANJ2350,Minibus,Nissan,Urvan,Commercial,2010,3000,38000.0,Harare,Commercial,TRIP-893860,27.31,0.718,Urban,Northeast,Partly Cloudy,Driving,36.41593244868207,-0.11242854688170571,1000.0,7.0,6.0,75.90195815314121,8.146559875936394,12.635850856620262,-17.810167386772914,31.12188798453639,1,2,1,4,4.030794478436917,2026-05-03 11:09:45,4.0,16.0,0.0,34.59513582624797,2.9132745958945656
ASK4276,SUV,Ford,Everest,Mid-size,2014,2000,45000.0,Beitbridge,Private,,0.0,0.0,Urban,North,Sunny,Parked,0.0,0.0,700.0,0.0,5.0,76.16638915785535,2.0,12.568146768155271,-22.31615861621578,30.088493894781262,0,0,0,0,3.8758303243752086,2026-05-03 11:09:45,0.0,12.0,0.0,0.0,0.0
AHZ8436,Sedan,Honda,Fit,Compact,2022,1300,5500.0,Gweru,Private,TRIP-510004,8.86,0.185,Potholed,West,Sunny,Driving,53.0,-0.2896281967229691,1000.0,7.0,6.0,77.00108800028401,8.472516208415986,12.637551044620762,-19.585377279981877,29.841367708984972,1,1,2,4,3.673964052097786,2026-05-03 11:09:45,4.0,4.0,8.0,50.349999999999994,4.24
ALA2507,Van,Toyota,Hiace,Commercial,2009,2800,35000.0,Harare,Commercial,,0.0,0.0,Urban,North,Partly Cloudy,Parked,0.0,0.0,700.0,0.0,5.0,75.92311868147615,2.0,12.539447279718523,-17.790021063963348,30.984372064385408,0,0,0,0,2.8964539327597016,2026-05-03 11:09:45,0.0,17.0,0.0,0.0,0.0
ARO0014,SUV,Ford,Everest,Mid-size,2010,2000,45000.0,Mutare,Private,TRIP-789108,29.6,0.58,Urban,East,Sunny,Driving,48.2,1.2279199786531938,1000.0,7.0,6.0,76.71199548502933,7.513420998083969,12.64048565428633,-19.04279645296057,32.586324933378336,1,2,2,5,2.233168397209002,2026-05-03 11:09:45,5.0,16.0,0.0,45.79,3.8560000000000003
AJZ2564,Pickup,Ford,Ranger,Light Commercial,2019,2000,33000.0,Mutare,Commercial,,0.0,0.0,Urban,North,Sunny,Parked,0.0,0.0,700.0,0.0,5.0,75.87957757147531,2.0,12.550652674604539,-18.82677934605331,32.65354090569028,0,0,0,0,2.7696268182302233,2026-05-03 11:09:45,0.0,7.0,0.0,0.0,0.0
ADE8804,SUV,Ford,Everest,Mid-size,2011,2000,45000.0,Kadoma,Private,,0.0,0.0,Urban,North,Partly Cloudy,Parked,0.0,0.0,700.0,0.0,5.0,76.05337560506558,2.0,12.585406192519157,-18.21162979342693,29.986012077720925,0,0,0,0,3.569319478647922,2026-05-03 11:09:45,0.0,15.0,0.0,0.0,0.0
AOB2387,SUV,Subaru,Outback,Full-size,2017,2500,16000.0,Harare,Private,,0.0,0.0,Urban,North,Partly Cloudy,Parked,0.0,0.0,700.0,0.0,5.0,75.58923764677192,2.0,12.558181607220847,-17.84106848334487,31.12401807274918,0,0,0,0,2.70235527028962,2026-05-03 11:09:45,0.0,9.0,0.0,0.0,0.0
ARR0520,Sedan,Honda,Fit,Compact,2012,1300,5500.0,Bulawayo,Private,TRIP-774863,21.87,0.582,Local Streets,Northwest,Thunderstorm,Driving,45.779687877303054,1.1056016141451523,1000.0,7.0,6.0,76.79774508288007,9.003812294528947,12.55427608493255,-19.982262375477983,28.634520236830056,1,3,0,4,3.203564768237089,2026-05-03 11:09:45,4.0,14.0,0.0,43.4907034834379,3.6623750301842444
AXQ9787,SUV,Ford,Everest,Mid-size,2014,2000,45000.0,Harare,Private,,0.0,0.0,Urban,North,Partly Cloudy,Parked,0.0,0.0,700.0,0.0,5.0,75.46720937674776,2.0,12.565588725725878,-17.968850083126714,30.970792071939844,0,0,0,0,3.8567517050217304,2026-05-03 11:09:45,0.0,12.0,0.0,0.0,0.0
AOV9136,Van,Nissan,Caravan,Commercial,2021,2500,22000.0,Masvingo,Commercial,,0.0,0.0,Urban,North,Thunderstorm,Parked,0.0,0.0,700.0,0.0,5.0,76.21458480951337,2.0,12.576281979566211,-20.216895260845053,30.901324140624133,0,0,0,0,2.476111911813806,2026-05-03 11:09:45,0.0,5.0,0.0,0.0,0.0
AUM7656,Sedan,Subaru,Impreza,Mid-size,2016,2000,9000.0,Victoria Falls,Private,,0.0,0.0,Urban,North,Thunderstorm,Parked,0.0,0.0,700.0,0.0,5.0,75.85444059547605,2.0,12.56141443055899,-17.894198493211192,25.91596236394268,0,0,0,0,3.5621084618830174,2026-05-03 11:09:45,0.0,10.0,0.0,0.0,0.0
AQL6911,SUV,Mercedes-Benz,GLE,Luxury,2025,3000,40000.0,Harare,Private,TRIP-501270,27.45,0.984,Urban,North,Partly Cloudy,Driving,29.853079624016466,-0.5417042825910152,1000.0,6.254811040096974,6.0,76.39510613576027,8.323506670087532,12.601673621644801,-17.74560579335893,30.899498671911026,3,2,5,10,2.9448922542117844,2026-05-03 11:09:45,10.0,1.0,0.0,28.360425642815642,2.3882463699213172
ALP6012,Sedan,Toyota,Premio,Mid-size,2023,1500,9000.0,Bulawayo,Private,,0.0,0.0,Urban,North,Thunderstorm,Parked,0.0,0.0,700.0,0.0,5.0,76.35360059037785,2.0,12.552116285091309,-20.266445950340074,28.50957719355368,0,0,0,0,2.659755304574597,2026-05-03 11:09:45,0.0,3.0,0.0,0.0,0.0
APP9626,SUV,Toyota,Rav4,Compact,2019,2000,15000.0,Bulawayo,Private,,0.0,0.0,Urban,North,Thunderstorm,Parked,0.0,0.0,700.0,0.0,5.0,75.62851759942909,2.0,12.547410999413605,-20.089403212749282,28.545531673933013,0,0,0,0,2.96504227517915,2026-05-03 11:09:45,0.0,7.0,0.0,0.0,0.0
AFD3390,SUV,Nissan,X-Trail,Mid-size,2008,2000,13000.0,Bulawayo,Private,TRIP-147328,27.58,0.414,Urban,West,Thunderstorm,Driving,76.65107577292268,-0.5461903233550818,1000.0,7.0,6.0,77.46667347670464,7.679895490439975,12.601020140739942,-20.103568849507205,28.647730784152575,0,1,2,3,3.762821991841008,2026-05-03 11:09:45,3.0,18.0,0.0,72.81852198427654,6.132086061833815
ANM0132,Fuel Tanker,Scania,P-Series,Heavy Commercial,2015,11000,170000.0,Bulawayo,Commercial,,0.0,0.0,Urban,North,Thunderstorm,Parked,0.0,0.0,700.0,0.0,5.0,75.53937773181838,2.0,12.52083086406567,-20.09766887631993,28.620240806900465,0,0,0,0,2.723891227498754,2026-05-03 11:09:45,0.0,11.0,0.0,0.0,0.0
AHA8932,Sedan,Mazda,Mazda3/Axela,Mid-size,2016,1500,7000.0,Mutare,Private,,0.0,0.0,Urban,North,Sunny,Parked,0.0,0.0,700.0,0.0,5.0,75.59996651146251,2.0,12.589554905384992,-18.919829894954837,32.65145939629973,0,0,0,0,3.307916489024229,2026-05-03 11:09:45,0.0,10.0,0.0,0.0,0.0
AVF9970,Sedan,Volkswagen,Golf,Compact,2019,1400,8000.0,Chegutu,Private,,0.0,0.0,Urban,North,Partly Cloudy,Parked,0.0,0.0,700.0,0.0,5.0,75.60445299759822,2.0,12.559686641988037,-18.07383932323773,30.264641386299626,0,0,0,0,2.6675662966723803,2026-05-03 11:09:45,0.0,7.0,0.0,0.0,0.0
ARW3945,SUV,Toyota,Land Cruiser 300,Full-size,2014,3300,120000.0,Harare,Private,,0.0,0.0,Urban,North,Partly Cloudy,Parked,0.0,0.0,700.0,0.0,5.0,75.8702809449853,2.0,12.567946103262518,-17.794063611281345,31.00421140210819,0,0,0,0,2.615215337914094,2026-05-03 11:09:45,0.0,12.0,0.0,0.0,0.0
AIF6930,Fuel Tanker,Scania,P-Series,Heavy Commercial,2010,11000,170000.0,Mutare,Commercial,TRIP-229440,25.97,0.498,Local Streets,South,Sunny,Driving,60.39832648412283,-0.7858803150287818,1000.0,7.0,6.0,76.81184326373577,8.649653702894087,12.6521513200142,-18.976860668711264,32.63770231842989,0,0,0,0,3.2333456559444738,2026-05-03 11:09:45,0.0,16.0,0.39832648412283334,57.37841015991669,4.831866118729827
APD2932,Minibus,Nissan,Urvan,Commercial,2013,3000,38000.0,Bulawayo,Commercial,TRIP-638495,30.66,0.459,Rural Tarred,North,Thunderstorm,Driving,74.91241137396257,-0.5603659622326366,1000.0,7.0,6.0,76.95969647962391,8.370942497507537,12.592804259687084,-20.164314638832547,28.58891335319397,2,2,0,4,4.081509165760345,2026-05-03 11:09:45,4.0,13.0,0.0,71.16679080526444,5.992992909917006
ARU6565,Sedan,Toyota,Premio,Mid-size,2025,1500,9000.0,Bulawayo,Private,,0.0,0.0,Urban,North,Thunderstorm,Parked,0.0,0.0,700.0,0.0,5.0,75.59452779781815,2.0,12.556375590271966,-19.985971321046833,28.506218759485762,0,0,0,0,2.593932721809825,2026-05-03 11:09:45,0.0,1.0,0.0,0.0,0.0
AWP5935,Sedan,Mazda,Mazda6/Atenza,Full-size,2018,2000,10000.0,Harare,Private,TRIP-753555,2.48,0.126,Gravel,West,Partly Cloudy,Driving,53.43801495358857,0.5150481701450607,1000.0,7.0,6.0,77.75749932452756,8.628235588186861,12.577678424130282,-17.925768627308894,30.888319671466917,0,0,3,3,3.7495724555297434,2026-05-03 11:09:45,3.0,8.0,0.0,50.76611420590914,4.275041196287086
AKV9965,Van,Nissan,Vanette,Light Commercial,2011,2000,12000.0,Mutare,Commercial,,0.0,0.0,Urban,North,Sunny,Parked,0.0,0.0,700.0,0.0,5.0,75.80868413394614,2.0,12.546693943132501,-19.039934073109347,32.79138723886888,0,0,0,0,2.7377319007289316,2026-05-03 11:09:45,0.0,15.0,0.0,0.0,0.0
AIG4253,Sedan,Toyota,Camry,Full-size,2017,2400,12000.0,Mutare,Private,,0.0,0.0,Urban,North,Sunny,Parked,0.0,0.0,700.0,0.0,5.0,75.5331067243354,2.0,12.525643045329952,-18.822791249274413,32.57924785728555,0,0,0,0,4.129434749540703,2026-05-03 11:09:45,0.0,9.0,0.0,0.0,0.0
ADE2242,Minibus,Nissan,Urvan,Commercial,2022,3000,38000.0,Harare,Commercial,,0.0,0.0,Urban,North,Partly Cloudy,Parked,0.0,0.0,700.0,0.0,5.0,75.54989850684242,2.0,12.57189142009942,-17.79058445399612,31.06276015951264,0,0,0,0,2.870275168575716,2026-05-03 11:09:45,0.0,4.0,0.0,0.0,0.0
APM1721,Sedan,Volkswagen,Golf,Compact,2015,1400,8000.0,Gwanda,Private,,0.0,0.0,Urban,North,Sunny,Parked,0.0,0.0,700.0,0.0,5.0,76.22540309019422,2.0,12.578809638190872,-21.0289388900075,28.98814282333817,0,0,0,0,4.240867888763828,2026-05-03 11:09:45,0.0,11.0,0.0,0.0,0.0
AVE3776,Heavy Truck,Volvo,FH,Heavy Commercial,2025,13000,140000.0,Harare,Commercial,TRIP-489608,17.85,0.692,Local Streets,West,Partly Cloudy,Driving,26.857961277157816,-0.34814042640140624,1000.0,7.0,6.0,77.61333179965295,7.76663955138896,12.632706903467612,-17.745974686060695,31.002155212859453,2,2,1,5,2.460742029340117,2026-05-03 11:09:45,5.0,1.0,0.0,25.515063213299925,2.1486369021726253
AWS4212,Sedan,Subaru,Impreza,Mid-size,2019,2000,9000.0,Harare,Private,,0.0,0.0,Urban,North,Partly Cloudy,Parked,0.0,0.0,700.0,0.0,5.0,75.72412054925027,2.0,12.547641206174942,-17.726761254885993,31.025427610429112,0,0,0,0,2.58947062290963,2026-05-03 11:09:45,0.0,7.0,0.0,0.0,0.0
ABA7582,SUV,Nissan,X-Trail,Mid-size,2011,2000,13000.0,Mutare,Private,,0.0,0.0,Urban,North,Sunny,Parked,0.0,0.0,700.0,0.0,5.0,76.26982924402326,2.0,12.56784013866697,-19.084296182066076,32.74361956756117,0,0,0,0,3.3032816655854593,2026-05-03 11:09:45,0.0,15.0,0.0,0.0,0.0
ABL6548,Pickup,Nissan,Navara/NP300,Light Commercial,2025,2400,28000.0,Harare,Commercial,TRIP-845098,9.89,0.165,Gravel,South,Partly Cloudy,Driving,65.41703809369822,1.5,1000.0,7.0,6.0,76.43074401369961,9.436455353667967,12.625030569642034,-17.922579755672896,30.901560972580203,2,0,1,3,2.94558213448206,2026-05-03 11:09:45,3.0,1.0,0.0,62.14618618901331,5.233363047495858
AFR4198,Sedan,Honda,Accord,Full-size,2020,2000,10000.0,Mutare,Private,,0.0,0.0,Urban,North,Sunny,Parked,0.0,0.0,700.0,0.0,5.0,75.62672599800028,2.0,12.582579426640486,-18.867123130331027,32.75720400195995,0,0,0,0,3.634263776527829,2026-05-03 11:09:45,0.0,6.0,0.0,0.0,0.0
AMB6819,SUV,Subaru,Outback,Full-size,2014,2500,16000.0,Mutare,Private,,0.0,0.0,Urban,North,Sunny,Parked,0.0,0.0,700.0,0.0,5.0,76.04524133556019,2.0,12.575376019189342,-18.854792934995903,32.53178914298751,0,0,0,0,2.792896201935485,2026-05-03 11:09:45,0.0,12.0,0.0,0.0,0.0
APF4973,SUV,Mazda,CX-5,Mid-size,2021,2200,15000.0,Mutare,Private,,0.0,0.0,Urban,North,Sunny,Parked,0.0,0.0,700.0,0.0,5.0,76.20905753043081,2.0,12.578034599509369,-19.10062544645381,32.651859279739135,0,0,0,0,3.9110830544816744,2026-05-03 11:09:45,0.0,5.0,0.0,0.0,0.0
AYS2620,Van,Toyota,Regius Ace,Commercial,2014,2500,25000.0,Harare,Commercial,TRIP-293656,24.28,0.623,Local Streets,Northeast,Partly Cloudy,Driving,44.056817558586665,-1.1543266105849659,1000.0,7.0,6.0,76.69594877089389,7.118015244881339,12.606957014134293,-17.850231293671275,30.919799908506867,2,0,0,2,3.3255699824767198,2026-05-03 11:09:45,2.0,12.0,0.0,41.85397668065733,3.524545404686933
AUJ7274,Fuel Tanker,Scania,P-Series,Heavy Commercial,2008,11000,170000.0,Harare,Commercial,TRIP-116733,5.94,0.239,Urban,South,Partly Cloudy,Driving,27.21879016045271,0.0761059841227952,1000.0,7.0,6.0,76.61103718098242,9.367247821717383,12.590473140955565,-17.933171993792637,31.116225859326203,1,1,2,4,3.881615758650461,2026-05-03 11:09:45,4.0,18.0,0.0,25.857850652430074,2.177503212836217
AKP5958,Pickup,Nissan,Navara/NP300,Light Commercial,2010,2400,28000.0,Bulawayo,Commercial,TRIP-476734,2.12,0.148,Urban,Southeast,Thunderstorm,Driving,25.0,-0.6602278123278785,1000.0,7.0,6.0,77.02774220012061,9.319308425825048,12.568905037472085,-20.157108797495447,28.601038541812418,2,2,0,4,2.7943581005429454,2026-05-03 11:09:45,4.0,16.0,0.0,23.75,2.0
AZP0434,SUV,Toyota,Land Cruiser 300,Full-size,2024,3300,120000.0,Harare,Private,,0.0,0.0,Urban,North,Partly Cloudy,Parked,0.0,0.0,700.0,0.0,5.0,75.71870512887163,2.0,12.582078241784146,-17.761464370169556,30.960651658058058,0,0,0,0,2.292261220078855,2026-05-03 11:09:45,0.0,2.0,0.0,0.0,0.0
AJI4007,SUV,Toyota,Land Cruiser 300,Full-size,2024,3300,120000.0,Harare,Private,,0.0,0.0,Urban,North,Partly Cloudy,Parked,0.0,0.0,700.0,0.0,5.0,75.4874448607398,2.0,12.560018143345056,-17.902801933602387,30.99039043762543,0,0,0,0,3.405905292257359,2026-05-03 11:09:45,0.0,2.0,0.0,0.0,0.0
AYY8954,SUV,Toyota,Land Cruiser 300,Full-size,2008,3300,120000.0,Redcliff,Private,TRIP-551534,37.12,0.916,Local Streets,Northeast,Sunny,Driving,44.35239692226806,-0.5785801161262311,1000.0,7.0,6.0,76.61625372905729,8.277316698796229,12.630476545352227,-19.084268692977453,29.826208525702043,0,2,0,2,3.995912315464727,2026-05-03 11:09:45,2.0,18.0,0.0,42.134777076154656,3.5481917537814454
ASC2649,Van,Nissan,Vanette,Light Commercial,2009,2000,12000.0,Macheke,Commercial,TRIP-795590,17.42,0.657,Rural Tarred,Northeast,Sunny,Driving,30.0,-0.5606499376392794,1000.0,7.0,6.0,75.50652772425683,6.9897052255307015,12.605560641139547,-18.090143057653904,31.796790119372503,2,1,0,3,3.4593589094333703,2026-05-03 11:09:45,3.0,17.0,0.0,28.5,2.4
AJB5255,Sedan,BMW,3 Series,Luxury,2021,2000,15000.0,Bulawayo,Private,,0.0,0.0,Urban,North,Thunderstorm,Parked,0.0,0.0,700.0,0.0,5.0,75.87049387797728,2.0,12.559496271965978,-20.246350200188296,28.644693889436354,0,0,0,0,2.7217329633158447,2026-05-03 11:09:45,0.0,5.0,0.0,0.0,0.0
ADB7584,Sedan,Nissan,Tiida,Compact,2021,1500,6000.0,Zvishavane,Private,,0.0,0.0,Urban,North,Light Rain,Parked,0.0,0.0,700.0,0.0,5.0,76.09428055985532,2.0,12.552070374387364,-20.335517467546577,30.094161551585632,0,0,0,0,2.7319240681644463,2026-05-03 11:09:45,0.0,5.0,0.0,0.0,0.0
AUK4212,Sedan,Mercedes-Benz,C-Class,Luxury,2016,1800,16000.0,Beitbridge,Private,,0.0,0.0,Urban,North,Sunny,Parked,0.0,0.0,700.0,0.0,5.0,76.33536371865218,2.0,12.601324753333497,-22.29971594371053,30.061777952179657,0,0,0,0,2.0,2026-05-03 11:09:45,0.0,10.0,0.0,0.0,0.0
AFU4388,Sedan,Toyota,Premio,Mid-size,2024,1500,9000.0,Bulawayo,Private,,0.0,0.0,Urban,North,Thunderstorm,Parked,0.0,0.0,700.0,0.0,5.0,75.74675103624736,2.0,12.58243497829282,-20.13270763764848,28.498268596848565,0,0,0,0,2.424392962431274,2026-05-03 11:09:45,0.0,2.0,0.0,0.0,0.0
AZR1460,Sedan,Honda,Civic,Mid-size,2019,1500,8000.0,Mutare,Private,,0.0,0.0,Urban,North,Sunny,Parked,0.0,0.0,700.0,0.0,5.0,75.64117806648622,2.0,12.551828025428406,-18.877875109351262,32.651530927983494,0,0,0,0,2.331544369981343,2026-05-03 11:09:45,0.0,7.0,0.0,0.0,0.0
ATY3758,Sedan,Honda,Fit,Compact,2020,1300,5500.0,Masvingo,Private,TRIP-601172,13.8,0.405,Highway,South,Thunderstorm,Driving,43.1,-0.05274660066357057,1000.0,7.0,6.0,75.42548660373303,9.6172594767079,12.586717850606977,-20.034018219949782,30.772446445963283,0,1,1,2,3.179206702106576,2026-05-03 11:09:45,2.0,6.0,0.0,40.945,3.4480000000000004
AFM6373,Van,Toyota,Regius Ace,Commercial,2009,2500,25000.0,Gweru,Commercial,,0.0,0.0,Urban,North,Sunny,Parked,0.0,0.0,700.0,0.0,5.0,75.70830006087039,2.0,12.550822109540324,-19.51080386399315,29.938511818208053,0,0,0,0,2.3220881257976496,2026-05-03 11:09:45,0.0,17.0,0.0,0.0,0.0
ADL8860,Pickup,Mitsubishi,Triton,Light Commercial,2008,2400,29000.0,Mutare,Commercial,TRIP-726445,28.5,0.856,Urban,Northeast,Sunny,Driving,35.69765586961826,-0.2663635202697337,1000.0,7.0,6.0,77.16056228131265,8.025725100141221,12.609439316789567,-18.856735397740767,32.77984547272209,1,0,1,2,3.223626791350359,2026-05-03 11:09:45,2.0,18.0,0.0,33.91277307613734,2.855812469569461
AUK4069,Pickup,Mazda,BT-50,Light Commercial,2009,2500,30000.0,Bulawayo,Commercial,TRIP-838989,39.91,1.138,Highway,Southwest,Thunderstorm,Driving,41.8,0.08297318750888716,1000.0,7.0,6.0,76.25837935619742,8.22228551356733,12.624113175547045,-20.018447211727974,28.740648619026505,2,1,0,3,4.119699595960015,2026-05-03 11:09:45,3.0,17.0,0.0,39.709999999999994,3.344
AXO6117,SUV,Honda,CR-V,Mid-size,2020,2000,14000.0,Gweru,Private,TRIP-858731,15.85,0.409,Local Streets,Northeast,Sunny,Driving,46.98936516843144,0.32390162730309174,1000.0,7.0,6.0,76.28255568142878,9.504747588554105,12.593041944581609,-19.461804268082723,29.694077944703174,1,0,0,1,3.336417584304614,2026-05-03 11:09:45,1.0,6.0,0.0,44.63989691000987,3.7591492134745152
AVN0580,Pickup,Mitsubishi,Triton,Light Commercial,2019,2400,29000.0,Shurugwi,Commercial,TRIP-913187,27.4,0.451,Urban,Southwest,Partly Cloudy,Driving,61.065718985372776,0.1487306797463795,1000.0,7.0,6.0,76.93170924578857,7.779211644471824,12.58754277862955,-19.782287765668986,29.900522088428218,1,1,0,2,4.259326958376977,2026-05-03 11:09:45,2.0,7.0,0.0,58.012433036104134,4.885257518829822
ALK3090,Sedan,Nissan,Tiida,Compact,2025,1500,6000.0,Masvingo,Private,,0.0,0.0,Urban,North,Thunderstorm,Parked,0.0,0.0,700.0,0.0,5.0,75.72816696414841,2.0,12.55087651717792,-20.170343234091217,30.909701244050755,0,0,0,0,2.8201868035290123,2026-05-03 11:09:45,0.0,1.0,0.0,0.0,0.0
ABV3216,Light Truck,Hino,300 Series,Heavy Commercial,2010,4000,48000.0,Harare,Commercial,TRIP-318514,39.29,1.041,Potholed,East,Partly Cloudy,Driving,35.215261249812386,-1.2288520415831465,1000.0,7.0,6.0,76.17991347470625,8.972970595589228,12.569557790752285,-17.919576838826224,30.976379826377443,3,3,3,9,3.7680276646837125,2026-05-03 11:09:45,9.0,16.0,0.0,33.45449818732177,2.817220899984991
AEH0440,SUV,Mazda,CX-5,Mid-size,2021,2200,15000.0,Redcliff,Private,,0.0,0.0,Urban,North,Sunny,Parked,0.0,0.0,700.0,0.0,5.0,75.77712644462116,2.0,12.577275841977707,-18.88408880764625,29.76002429538543,0,0,0,0,2.997283471164649,2026-05-03 11:09:45,0.0,5.0,0.0,0.0,0.0
ABL6028,Heavy Truck,Scania,R-Series,Heavy Commercial,2018,13000,150000.0,Bulawayo,Commercial,,0.0,0.0,Urban,North,Thunderstorm,Parked,0.0,0.0,700.0,0.0,5.0,75.62552730600646,2.0,12.55288714471501,-20.20991748599027,28.484468607011927,0,0,0,0,2.6323860628000215,2026-05-03 11:09:45,0.0,8.0,0.0,0.0,0.0
ACS3296,Sedan,Nissan,Sunny/Almera,Compact,2008,1500,5500.0,Bulawayo,Private,,0.0,0.0,Urban,North,Thunderstorm,Parked,0.0,0.0,700.0,0.0,5.0,75.7833522459211,2.0,12.566151149679225,-20.19898895291906,28.632465207608455,0,0,0,0,3.3969532817729453,2026-05-03 11:09:45,0.0,18.0,0.0,0.0,0.0
AGK0462,SUV,Honda,Vezel/HR-V,Compact,2021,1500,12000.0,Harare,Private,,0.0,0.0,Urban,North,Partly Cloudy,Parked,0.0,0.0,700.0,0.0,5.0,75.88032717424275,2.0,12.589676410496574,-17.94469970077177,31.15568923613822,0,0,0,0,3.4705455323818213,2026-05-03 11:09:45,0.0,5.0,0.0,0.0,0.0
ASS0880,Pickup,Mazda,BT-50,Light Commercial,2018,2500,30000.0,Harare,Commercial,TRIP-348444,13.12,0.275,Local Streets,Northeast,Partly Cloudy,Driving,55.425167265281786,0.7348228561397693,1000.0,7.0,6.0,76.45587418217026,7.540887333163852,12.613224072162195,-17.89010209020634,31.15769789413299,2,2,0,4,4.439829597893838,2026-05-03 11:09:45,4.0,8.0,0.0,52.6539089020177,4.434013381222543
AWI7714,SUV,Honda,Vezel/HR-V,Compact,2024,1500,12000.0,Bulawayo,Private,,0.0,0.0,Urban,North,Thunderstorm,Parked,0.0,0.0,700.0,0.0,5.0,76.22647208346139,2.0,12.579977736958332,-20.06083130554791,28.662232027543382,0,0,0,0,3.44835820853286,2026-05-03 11:09:45,0.0,2.0,0.0,0.0,0.0
AGM5649,SUV,Nissan,Murano,Full-size,2023,2500,18000.0,Gweru,Private,,0.0,0.0,Urban,North,Sunny,Parked,0.0,0.0,700.0,0.0,5.0,75.93480614164233,2.0,12.555093038764985,-19.39786378037525,29.790732434630165,0,0,0,0,2.101928630535739,2026-05-03 11:09:45,0.0,3.0,0.0,0.0,0.0
AIS6761,Sedan,Nissan,Tiida,Compact,2015,1500,6000.0,Harare,Private,,0.0,0.0,Urban,North,Partly Cloudy,Parked,0.0,0.0,700.0,0.0,5.0,75.36840802259329,2.0,12.578764468594986,-17.72328347073533,30.904165724376917,0,0,0,0,2.7806336561324754,2026-05-03 11:09:45,0.0,11.0,0.0,0.0,0.0
AZW2491,SUV,Toyota,Fortuner,Mid-size,2011,2400,45000.0,Plumtree,Private,,0.0,0.0,Urban,North,Partly Cloudy,Parked,0.0,0.0,700.0,0.0,5.0,75.76741473540987,2.0,12.537597949605548,-20.348719457007967,27.90218404651285,0,0,0,0,3.163958731869809,2026-05-03 11:09:45,0.0,15.0,0.0,0.0,0.0
AYG3645,Sedan,Mazda,Mazda6/Atenza,Full-size,2010,2000,10000.0,Masvingo,Private,,0.0,0.0,Urban,North,Thunderstorm,Parked,0.0,0.0,700.0,0.0,5.0,75.85456519350089,2.0,12.561761972125373,-20.150646608288117,30.949381711017253,0,0,0,0,4.2032499066835545,2026-05-03 11:09:45,0.0,16.0,0.0,0.0,0.0
AVY0739,Sedan,Subaru,Impreza,Mid-size,2019,2000,9000.0,Redcliff,Private,,0.0,0.0,Urban,North,Sunny,Parked,0.0,0.0,700.0,0.0,5.0,75.9047479213667,2.0,12.586239389780307,-19.049989118762298,29.78487262844488,0,0,0,0,2.536087531923102,2026-05-03 11:09:45,0.0,7.0,0.0,0.0,0.0
AIC8864,Pickup,Isuzu,D-Max,Light Commercial,2013,2500,32000.0,Beitbridge,Commercial,,0.0,0.0,Urban,North,Sunny,Parked,0.0,0.0,700.0,0.0,5.0,75.10235223889549,2.0,12.575976192015075,-22.353569010583122,30.12506149925014,0,0,0,0,3.1100852578418308,2026-05-03 11:09:45,0.0,13.0,0.0,0.0,0.0
AGP2294,Pickup,Toyota,Hilux,Light Commercial,2025,2400,35000.0,Mutare,Commercial,TRIP-543830,32.69,0.903,Local Streets,West,Sunny,Driving,31.299999999999997,0.23687404179889907,1000.0,7.0,6.0,76.66613857951177,8.072526212965542,12.646685726566906,-18.978202742858514,32.73634179695498,1,0,1,2,3.081743688895217,2026-05-03 11:09:45,2.0,1.0,0.0,29.734999999999996,2.504
ARG5004,SUV,Mercedes-Benz,GLE,Luxury,2022,3000,40000.0,Bulawayo,Private,,0.0,0.0,Urban,North,Thunderstorm,Parked,0.0,0.0,700.0,0.0,5.0,75.5705735027771,2.0,12.560172627543704,-20.069472458899295,28.74656441762653,0,0,0,0,3.0596214401141895,2026-05-03 11:09:45,0.0,4.0,0.0,0.0,0.0
ADP5210,SUV,Toyota,Rav4,Compact,2022,2000,15000.0,Gweru,Private,,0.0,0.0,Urban,North,Sunny,Parked,0.0,0.0,700.0,0.0,5.0,76.13056583485074,2.0,12.569920096328921,-19.382427131655433,29.67816029325411,0,0,0,0,3.551187931373576,2026-05-03 11:09:45,0.0,4.0,0.0,0.0,0.0
AGB4238,Heavy Truck,MAN,TGS,Heavy Commercial,2025,12400,160000.0,Bulawayo,Commercial,TRIP-121892,26.82,0.41,Highway,Southeast,Thunderstorm,Driving,72.6,-0.021195654056828876,1000.0,7.0,6.0,76.92933343431147,9.10655412466401,12.613466081769127,-20.14748889552446,28.53111625266056,1,2,2,5,3.3479352835950813,2026-05-03 11:09:45,5.0,1.0,0.0,68.96999999999998,5.808
AEH6433,Sedan,Honda,Fit,Compact,2015,1300,5500.0,Bulawayo,Private,,0.0,0.0,Urban,North,Thunderstorm,Parked,0.0,0.0,700.0,0.0,5.0,76.10265739733504,2.0,12.560784571568169,-20.15224183055876,28.77237411454417,0,0,0,0,4.306702882413232,2026-05-03 11:09:45,0.0,11.0,0.0,0.0,0.0
AEY7501,Sedan,Mercedes-Benz,C-Class,Luxury,2016,1800,16000.0,Harare,Private,,0.0,0.0,Urban,North,Partly Cloudy,Parked,0.0,0.0,700.0,0.0,5.0,75.93602269078944,2.0,12.561579498097773,-17.756204456201115,30.97536563534996,0,0,0,0,2.774447220983902,2026-05-03 11:09:45,0.0,10.0,0.0,0.0,0.0
AKG7857,Sedan,Honda,Accord,Full-size,2018,2000,10000.0,Mutare,Private,,0.0,0.0,Urban,North,Sunny,Parked,0.0,0.0,700.0,0.0,5.0,75.53105523435232,2.0,12.58518085781193,-18.996027460966527,32.655463436607405,0,0,0,0,3.666179902231212,2026-05-03 11:09:45,0.0,8.0,0.0,0.0,0.0
ADH2268,Sedan,Mercedes-Benz,C-Class,Luxury,2011,1800,16000.0,Gweru,Private,,0.0,0.0,Urban,North,Sunny,Parked,0.0,0.0,700.0,0.0,5.0,75.42074101136899,2.0,12.570867374011092,-19.554827158775176,29.875019749350905,0,0,0,0,4.2499645279518,2026-05-03 11:09:45,0.0,15.0,0.0,0.0,0.0
AXL2777,Tipper Truck,Mercedes-Benz,Actros,Heavy Commercial,2021,12800,155000.0,Bulawayo,Commercial,,0.0,0.0,Urban,North,Thunderstorm,Parked,0.0,0.0,700.0,0.0,5.0,75.7695829813556,2.0,12.555733289619743,-20.01869047802223,28.773504572663573,0,0,0,0,3.3932273434332445,2026-05-03 11:09:45,0.0,5.0,0.0,0.0,0.0
AGS7837,SUV,Toyota,Fortuner,Mid-size,2013,2400,45000.0,Shurugwi,Private,,0.0,0.0,Urban,North,Partly Cloudy,Parked,0.0,0.0,700.0,0.0,5.0,75.46677662173748,2.0,12.576151086371144,-19.63155111341563,30.09463946359719,0,0,0,0,3.8648914732996626,2026-05-03 11:09:45,0.0,13.0,0.0,0.0,0.0
AXD4740,Heavy Truck,Volvo,FH,Heavy Commercial,2020,13000,140000.0,Bulawayo,Commercial,TRIP-961568,33.14,0.488,Potholed,North,Thunderstorm,Driving,65.0,-0.048358507122547044,1000.0,7.0,6.0,76.86848186084518,8.80437016935868,12.618786060464869,-20.066489814275442,28.750662973266735,2,0,0,2,3.6398452089029623,2026-05-03 11:09:45,2.0,6.0,20.0,61.75,5.2
AUB0300,SUV,Honda,Vezel/HR-V,Compact,2012,1500,12000.0,Bulawayo,Private,,0.0,0.0,Urban,North,Thunderstorm,Parked,0.0,0.0,700.0,0.0,5.0,75.6635980668176,2.0,12.586297340061462,-20.02327386253607,28.72000392644751,0,0,0,0,3.8406833081390763,2026-05-03 11:09:45,0.0,14.0,0.0,0.0,0.0
AEW2150,Pickup,Mazda,BT-50,Light Commercial,2019,2500,30000.0,Mutare,Commercial,TRIP-514458,37.89,0.673,Gravel,Northeast,Sunny,Driving,60.33198945196811,-0.3460204707006387,1000.0,7.0,6.0,76.88960822642493,8.007394483277132,12.66216329809525,-18.990903334384328,32.54851909019303,0,0,2,2,4.332796890141655,2026-05-03 11:09:45,2.0,7.0,0.0,57.315389979369705,4.826559156157449
APS8793,SUV,Nissan,Murano,Full-size,2011,2500,18000.0,Harare,Private,,0.0,0.0,Urban,North,Partly Cloudy,Parked,0.0,0.0,700.0,0.0,5.0,75.68657043400084,2.0,12.521780632229232,-17.925997568199783,31.14490263916865,0,0,0,0,3.3822597459951917,2026-05-03 11:09:45,0.0,15.0,0.0,0.0,0.0
AJH9637,Sedan,Volkswagen,Polo,Compact,2015,1400,7500.0,Bulawayo,Private,,0.0,0.0,Urban,North,Thunderstorm,Parked,0.0,0.0,700.0,0.0,5.0,75.7724512269807,2.0,12.567226000681734,-20.1598613325341,28.53461917547319,0,0,0,0,3.0009139424510143,2026-05-03 11:09:45,0.0,11.0,0.0,0.0,0.0
AKA6334,Van,Toyota,Hiace,Commercial,2021,2800,35000.0,Mutare,Commercial,,0.0,0.0,Urban,North,Sunny,Parked,0.0,0.0,700.0,0.0,5.0,75.74101741796281,2.0,12.588578207596514,-18.97803044526954,32.552968410825954,0,0,0,0,3.352931831778577,2026-05-03 11:09:45,0.0,5.0,0.0,0.0,0.0
AFW0771,Tipper Truck,Mercedes-Benz,Actros,Heavy Commercial,2017,12800,155000.0,Mvuma,Commercial,,0.0,0.0,Urban,North,Sunny,Parked,0.0,0.0,700.0,0.0,5.0,75.52518488252288,2.0,12.5381477005202,-19.33892693061554,30.535862504295945,0,0,0,0,3.506089761390131,2026-05-03 11:09:45,0.0,9.0,0.0,0.0,0.0
ALY6329,Sedan,Volkswagen,Polo,Compact,2025,1400,7500.0,Gweru,Private,,0.0,0.0,Urban,North,Sunny,Parked,0.0,0.0,700.0,0.0,5.0,75.28307313645858,2.0,12.559204232312727,-19.522972692569418,29.8189706105099,0,0,0,0,3.403622629649707,2026-05-03 11:09:45,0.0,1.0,0.0,0.0,0.0
AFL0395,Van,Toyota,Regius Ace,Commercial,2008,2500,25000.0,Bulawayo,Commercial,,0.0,0.0,Urban,North,Thunderstorm,Parked,0.0,0.0,700.0,0.0,5.0,76.22723334383302,2.0,12.55204780420645,-20.013789273632646,28.59923419560992,0,0,0,0,3.291567618289858,2026-05-03 11:09:45,0.0,18.0,0.0,0.0,0.0
AWD2734,Sedan,Volkswagen,Polo,Compact,2012,1400,7500.0,Harare,Private,,0.0,0.0,Urban,North,Partly Cloudy,Parked,0.0,0.0,700.0,0.0,5.0,76.0689475662264,2.0,12.55067291358192,-17.94998626394992,30.92640135340963,0,0,0,0,3.10407677653452,2026-05-03 11:09:45,0.0,14.0,0.0,0.0,0.0
ABF1456,Pickup,Mitsubishi,Triton,Light Commercial,2024,2400,29000.0,Mutare,Commercial,TRIP-477879,26.26,0.486,Urban,East,Sunny,Driving,59.656025102648776,-0.193311858357323,1000.0,7.0,6.0,77.06020961960824,7.931619134231422,12.637763718998855,-19.119678988902006,32.67543240087434,4,1,2,7,2.772501873149289,2026-05-03 11:09:45,7.0,2.0,0.0,56.67322384751633,4.772482008211902
AUZ1706,Van,Nissan,Caravan,Commercial,2011,2500,22000.0,Bulawayo,Commercial,,0.0,0.0,Urban,North,Thunderstorm,Parked,0.0,0.0,700.0,0.0,5.0,76.23532876875201,2.0,12.556990793181146,-20.236411813858062,28.611710706281286,0,0,0,0,2.984666105933907,2026-05-03 11:09:45,0.0,15.0,0.0,0.0,0.0
AHE8987,SUV,Nissan,Murano,Full-size,2015,2500,18000.0,Mutare,Private,,0.0,0.0,Urban,North,Sunny,Parked,0.0,0.0,700.0,0.0,5.0,75.63642005832658,2.0,12.549554158981978,-19.061636869046186,32.62681107197045,0,0,0,0,2.0,2026-05-03 11:09:45,0.0,11.0,0.0,0.0,0.0
ATY6283,Pickup,Volkswagen,Amarok,Light Commercial,2025,2000,35000.0,Bulawayo,Commercial,TRIP-477802,14.67,0.229,Local Streets,Southeast,Thunderstorm,Driving,68.0,-0.020260580534812014,1000.0,7.0,6.0,77.45950572958655,9.191537632858426,12.581084143339044,-20.02175940913347,28.69866429380673,1,1,4,6,3.9391104677103685,2026-05-03 11:09:45,6.0,1.0,8.0,64.6,5.44
AGB6989,Sedan,Volkswagen,Golf,Compact,2010,1400,8000.0,Harare,Private,TRIP-582125,27.69,0.68,Gravel,Northeast,Partly Cloudy,Driving,37.29395897934644,-0.08057007543185947,1000.0,7.0,6.0,76.89857542208654,7.054541388681772,12.631722060593338,-17.70799923772154,30.933204861062475,1,0,1,2,2.015529026166461,2026-05-03 11:09:45,2.0,16.0,0.0,35.42926103037912,2.9835167183477154
AHQ4545,Sedan,Honda,Fit,Compact,2018,1300,5500.0,Mutare,Private,,0.0,0.0,Urban,North,Sunny,Parked,0.0,0.0,700.0,0.0,5.0,75.96119956128757,2.0,12.552309842910182,-18.922027567751798,32.65507277866137,0,0,0,0,3.612218473093356,2026-05-03 11:09:45,0.0,8.0,0.0,0.0,0.0
AIF1821,Sedan,Honda,Civic,Mid-size,2024,1500,8000.0,Bulawayo,Private,,0.0,0.0,Urban,North,Thunderstorm,Parked,0.0,0.0,700.0,0.0,5.0,75.43103865920956,2.0,12.575135399311032,-20.261493857840414,28.523238248073614,0,0,0,0,3.1588165568976483,2026-05-03 11:09:45,0.0,2.0,0.0,0.0,0.0
AUS7189,SUV,Nissan,Murano,Full-size,2015,2500,18000.0,Bulawayo,Private,TRIP-213785,37.86,1.399,Highway,East,Thunderstorm,Driving,33.3,-0.19666230150572286,1000.0,7.0,6.0,76.85604347492485,7.341172790822817,12.602365711685316,-20.25534105337275,28.513926528116098,2,0,3,5,3.306165240055507,2026-05-03 11:09:45,5.0,11.0,0.0,31.634999999999994,2.6639999999999997
ABJ0186,Light Truck,Hino,300 Series,Heavy Commercial,2019,4000,48000.0,Victoria Falls,Commercial,TRIP-337109,37.28,0.608,Highway,West,Thunderstorm,Driving,71.2,1.2987695033924316,1000.0,7.0,6.0,77.11381896597379,10.418451406564092,12.642930816591027,-17.99246097759859,25.853253363706017,2,1,0,3,2.6195821823528966,2026-05-03 11:09:45,3.0,7.0,0.0,67.64,5.696000000000001
ASN5464,Sedan,Honda,Accord,Full-size,2015,2000,10000.0,Plumtree,Private,TRIP-325727,14.56,0.265,Gravel,East,Partly Cloudy,Driving,57.91943126580951,0.10746348302658587,1000.0,5.0,6.0,76.26818332269808,9.07744177018567,12.61849218655747,-20.54810775821676,27.685874154177423,0,0,1,1,2.9724449760364724,2026-05-03 11:09:45,1.0,11.0,0.0,55.02345970251903,4.6335545012647605
ART5838,SUV,Nissan,Murano,Full-size,2019,2500,18000.0,Harare,Private,,0.0,0.0,Urban,North,Partly Cloudy,Parked,0.0,0.0,700.0,0.0,5.0,75.18353960547314,2.0,12.55242137792994,-17.827698509859076,31.16475908887093,0,0,0,0,2.042503414505308,2026-05-03 11:09:45,0.0,7.0,0.0,0.0,0.0
AET7081,Pickup,Mazda,BT-50,Light Commercial,2012,2500,30000.0,Plumtree,Commercial,TRIP-763441,37.11,0.745,Highway,Northwest,Partly Cloudy,Driving,58.2,-1.5,1000.0,7.0,6.0,76.54407126318554,9.14693753353009,12.626896081093705,-20.574742331140662,27.942517362088605,0,0,1,1,3.0576851483761005,2026-05-03 11:09:45,1.0,14.0,0.0,55.29,4.656000000000001
ARH0746,Sedan,Mazda,Demio/Mazda2,Compact,2023,1300,5000.0,Mutare,Private,,0.0,0.0,Urban,North,Sunny,Parked,0.0,0.0,700.0,0.0,5.0,74.88854344075395,2.0,12.5737425562905,-19.08708638783006,32.653418030979694,0,0,0,0,3.3963674983673764,2026-05-03 11:09:45,0.0,3.0,0.0,0.0,0.0
AQK6495,Pickup,Mitsubishi,Triton,Light Commercial,2008,2400,29000.0,Bulawayo,Commercial,TRIP-308361,13.73,0.571,Urban,Southeast,Thunderstorm,Driving,25.0,1.0581292382520027,1000.0,7.0,6.0,75.95708532231536,8.254418292729989,12.642994260435225,-20.059983353766157,28.56830511220577,0,2,1,3,3.4562001642790157,2026-05-03 11:09:45,3.0,18.0,0.0,23.75,2.0
APW4596,Sedan,Subaru,Impreza,Mid-size,2015,2000,9000.0,Bulawayo,Private,,0.0,0.0,Urban,North,Thunderstorm,Parked,0.0,0.0,700.0,0.0,5.0,75.96149023464191,2.0,12.556064560212699,-20.231201857373012,28.564163069841353,0,0,0,0,2.8823777121604417,2026-05-03 11:09:45,0.0,11.0,0.0,0.0,0.0
AJG6691,Van,Nissan,Vanette,Light Commercial,2011,2000,12000.0,Mutare,Commercial,TRIP-680665,14.35,0.332,Local Streets,South,Sunny,Driving,54.40349794492919,0.09742373552513076,1000.0,7.0,6.0,77.2475159499534,9.112935117940312,12.61850812090629,-19.011485953379328,32.80989337403855,0,0,2,2,4.268314853433127,2026-05-03 11:09:45,2.0,15.0,0.0,51.683323047682734,4.352279835594335
ARQ0404,SUV,BMW,X5,Luxury,2010,3000,35000.0,Mutare,Private,,0.0,0.0,Urban,North,Sunny,Parked,0.0,0.0,700.0,0.0,5.0,76.15925723353632,2.0,12.552626966245885,-19.013839480934397,32.7416604315473,0,0,0,0,3.177497790815041,2026-05-03 11:09:45,0.0,16.0,0.0,0.0,0.0
AQR5979,SUV,Subaru,Outback,Full-size,2020,2500,16000.0,Bulawayo,Private,,0.0,0.0,Urban,North,Thunderstorm,Parked,0.0,0.0,700.0,0.0,5.0,76.08826884576114,2.0,12.586083344130447,-20.12653597413624,28.69706343715356,0,0,0,0,2.720230687553747,2026-05-03 11:09:45,0.0,6.0,0.0,0.0,0.0
AML7711,Sedan,Nissan,Bluebird Sylphy,Mid-size,2020,1800,7500.0,Mutare,Private,,0.0,0.0,Urban,North,Sunny,Parked,0.0,0.0,700.0,0.0,5.0,76.24203298549797,2.0,12.555170749034197,-19.093254986085622,32.76382614407879,0,0,0,0,2.2761990593477837,2026-05-03 11:09:45,0.0,6.0,0.0,0.0,0.0
AOI5802,SUV,Honda,CR-V,Mid-size,2017,2000,14000.0,Harare,Private,,0.0,0.0,Urban,North,Partly Cloudy,Parked,0.0,0.0,700.0,0.0,5.0,75.90583997829484,2.0,12.581418488007698,-17.95178426657736,31.132754397527965,0,0,0,0,3.0747160855990847,2026-05-03 11:09:45,0.0,9.0,0.0,0.0,0.0
AXA5291,Minibus,Nissan,Urvan,Commercial,2019,3000,38000.0,Masvingo,Commercial,TRIP-874406,48.51,0.786,Local Streets,Northwest,Thunderstorm,Driving,65.11082323122115,0.7004927020161735,1000.0,7.0,6.0,76.63277607960524,8.79657174688429,12.596100445904552,-20.06519599184891,30.96635768091909,0,0,2,2,3.9958401417617497,2026-05-03 11:09:45,2.0,7.0,5.110823231221147,61.855282069660085,5.208865858497692
APE0877,Sedan,Toyota,Premio,Mid-size,2009,1500,9000.0,Harare,Private,,0.0,0.0,Urban,North,Partly Cloudy,Parked,0.0,0.0,700.0,0.0,5.0,76.14449005393581,2.0,12.546596524646029,-17.86430611366073,30.94239244350854,0,0,0,0,2.2032493617934104,2026-05-03 11:09:45,0.0,17.0,0.0,0.0,0.0
ADD7007,Van,Toyota,Hiace,Commercial,2009,2800,35000.0,Gweru,Commercial,,0.0,0.0,Urban,North,Sunny,Parked,0.0,0.0,700.0,0.0,5.0,75.6619054019297,2.0,12.572791879430563,-19.331873969548138,29.910331716772568,0,0,0,0,4.729097038615366,2026-05-03 11:09:45,0.0,17.0,0.0,0.0,0.0
AWN4285,SUV,Honda,Vezel/HR-V,Compact,2015,1500,12000.0,Bulawayo,Private,,0.0,0.0,Urban,North,Thunderstorm,Parked,0.0,0.0,700.0,0.0,5.0,75.84454057143898,2.0,12.585600160244535,-20.03568425795553,28.525208128245342,0,0,0,0,2.363020308451257,2026-05-03 11:09:45,0.0,11.0,0.0,0.0,0.0
AGJ2067,Pickup,Mitsubishi,Triton,Light Commercial,2017,2400,29000.0,Kadoma,Commercial,TRIP-848947,40.0,0.949,Highway,North,Partly Cloudy,Driving,48.9,-1.0117320656263875,1000.0,7.0,6.0,76.81933030521293,7.929752094759733,12.588180647190303,-18.23239079574927,29.884411138076675,2,4,3,9,3.2004981550069203,2026-05-03 11:09:45,9.0,9.0,0.0,46.455,3.912
AKT9473,Pickup,Nissan,Navara/NP300,Light Commercial,2009,2400,28000.0,Harare,Commercial,TRIP-732820,19.43,0.736,Local Streets,East,Partly Cloudy,Driving,25.81718017267991,-0.0074707571342316394,1000.0,7.0,6.0,76.78706799299277,7.575084125524096,12.640740947515285,-17.878298416937135,31.010174802894742,2,0,0,2,2.0,2026-05-03 11:09:45,2.0,17.0,0.0,24.526321164045914,2.065374413814393
ARO9557,SUV,Nissan,X-Trail,Mid-size,2022,2000,13000.0,Bulawayo,Private,,0.0,0.0,Urban,North,Thunderstorm,Parked,0.0,0.0,700.0,0.0,5.0,75.73250715148644,2.0,12.576230446320707,-20.197768479582532,28.76112241633201,0,0,0,0,3.0235064145293453,2026-05-03 11:09:45,0.0,4.0,0.0,0.0,0.0
AQS6591,Sedan,BMW,3 Series,Luxury,2023,2000,15000.0,Masvingo,Private,TRIP-222169,44.03,0.998,Rural Tarred,North,Thunderstorm,Driving,49.24493656855119,0.08055058421321598,1000.0,5.0,6.0,76.53798285361133,6.758860637818672,12.568012538129626,-19.963740069273523,30.7773601224325,0,0,1,1,3.4777224591046414,2026-05-03 11:09:45,1.0,3.0,0.0,46.78268974012363,3.939594925484095
AYX2944,Pickup,Toyota,Hilux,Light Commercial,2015,2400,35000.0,Masvingo,Commercial,,0.0,0.0,Urban,North,Thunderstorm,Parked,0.0,0.0,700.0,0.0,5.0,75.3465593628754,2.0,12.519598570817205,-19.980740052529473,30.805945324140556,0,0,0,0,2.9236887275960557,2026-05-03 11:09:45,0.0,11.0,0.0,0.0,0.0
AVQ3137,Sedan,Nissan,Sunny/Almera,Compact,2010,1500,5500.0,Harare,Private,,0.0,0.0,Urban,North,Partly Cloudy,Parked,0.0,0.0,700.0,0.0,5.0,75.51209368843303,2.0,12.577648953699716,-17.828296314399,31.057970878050014,0,0,0,0,4.092091255091838,2026-05-03 11:09:45,0.0,16.0,0.0,0.0,0.0
AIB6650,SUV,BMW,X5,Luxury,2024,3000,35000.0,Masvingo,Private,,0.0,0.0,Urban,North,Thunderstorm,Parked,0.0,0.0,700.0,0.0,5.0,75.79380078164179,2.0,12.55708323272635,-19.95143446039396,30.804193120233283,0,0,0,0,2.0468995043058733,2026-05-03 11:09:45,0.0,2.0,0.0,0.0,0.0
ADO5206,Sedan,Honda,Fit,Compact,2022,1300,5500.0,Masvingo,Private,,0.0,0.0,Urban,North,Thunderstorm,Parked,0.0,0.0,700.0,0.0,5.0,75.7126043512793,2.0,12.547186920370269,-20.203613647662152,30.81342019019468,0,0,0,0,2.551280197145507,2026-05-03 11:09:45,0.0,4.0,0.0,0.0,0.0
AMD5039,Pickup,Ford,Ranger,Light Commercial,2018,2000,33000.0,Mutare,Commercial,TRIP-462349,42.35,0.826,Gravel,Northeast,Sunny,Driving,50.33259110374863,0.11162355854357826,1000.0,7.0,6.0,76.90816569086277,8.383068253368409,12.582591400842274,-19.025922924097056,32.69330580885742,2,0,3,5,2.9938420588170143,2026-05-03 11:09:45,5.0,8.0,0.0,47.8159615485612,4.026607288299891
AJF3973,Pickup,Toyota,Hilux,Light Commercial,2017,2400,35000.0,Zvishavane,Commercial,TRIP-272208,18.91,0.553,Gravel,Southeast,Light Rain,Driving,35.70353132727739,-0.6664401593747437,1000.0,7.0,6.0,77.16420115935534,7.8887121898916766,12.621725850193425,-20.440829611248446,30.18918317253802,2,0,0,2,3.44813367383112,2026-05-03 11:09:45,2.0,9.0,0.0,33.918354760913516,2.856282506182191
ALP7932,Sedan,Honda,Fit,Compact,2019,1300,5500.0,Gweru,Private,,0.0,0.0,Urban,North,Sunny,Parked,0.0,0.0,700.0,0.0,5.0,75.76446424141892,2.0,12.56750911191376,-19.477999010902284,29.956487872521176,0,0,0,0,4.170066318608441,2026-05-03 11:09:45,0.0,7.0,0.0,0.0,0.0
AGH1092,Van,Toyota,Hiace,Commercial,2019,2800,35000.0,Bulawayo,Commercial,,0.0,0.0,Urban,North,Thunderstorm,Parked,0.0,0.0,700.0,0.0,5.0,76.1343408148913,2.0,12.573077802990978,-20.21069010389173,28.619542448032615,0,0,0,0,4.44130617499086,2026-05-03 11:09:45,0.0,7.0,0.0,0.0,0.0
ABW2812,SUV,Toyota,Land Cruiser 300,Full-size,2013,3300,120000.0,Mutare,Private,,0.0,0.0,Urban,North,Sunny,Parked,0.0,0.0,700.0,0.0,5.0,75.94514796339467,2.0,12.543129180514184,-19.067860254237264,32.717076279171835,0,0,0,0,3.1668536079956824,2026-05-03 11:09:45,0.0,13.0,0.0,0.0,0.0
AUW2934,Van,Toyota,Regius Ace,Commercial,2022,2500,25000.0,Bulawayo,Commercial,,0.0,0.0,Urban,North,Thunderstorm,Parked,0.0,0.0,700.0,0.0,5.0,75.96334196652008,2.0,12.581322703494525,-20.107846878093568,28.512569644098303,0,0,0,0,3.4097700240802786,2026-05-03 11:09:45,0.0,4.0,0.0,0.0,0.0
AED4998,Sedan,Toyota,Allion,Mid-size,2024,1500,8500.0,Harare,Private,,0.0,0.0,Urban,North,Partly Cloudy,Parked,0.0,0.0,700.0,0.0,5.0,75.66014076395712,2.0,12.567070631263938,-17.741409349836715,31.06001643794118,0,0,0,0,2.7618471862720626,2026-05-03 11:09:45,0.0,2.0,0.0,0.0,0.0
AXR9502,Sedan,Nissan,Bluebird Sylphy,Mid-size,2014,1800,7500.0,Masvingo,Private,,0.0,0.0,Urban,North,Thunderstorm,Parked,0.0,0.0,700.0,0.0,5.0,75.34026719073735,2.0,12.576883831904759,-19.925599545957677,30.899471378697555,0,0,0,0,2.902433968140723,2026-05-03 11:09:45,0.0,12.0,0.0,0.0,0.0
AMU9526,SUV,Honda,Vezel/HR-V,Compact,2008,1500,12000.0,Bulawayo,Private,,0.0,0.0,Urban,North,Thunderstorm,Parked,0.0,0.0,700.0,0.0,5.0,75.74024626922314,2.0,12.552635600011802,-20.012647238876642,28.667817745529813,0,0,0,0,3.6294686655989254,2026-05-03 11:09:45,0.0,18.0,0.0,0.0,0.0
AGH6374,Sedan,Nissan,Bluebird Sylphy,Mid-size,2024,1800,7500.0,Bulawayo,Private,,0.0,0.0,Urban,North,Thunderstorm,Parked,0.0,0.0,700.0,0.0,5.0,75.02128686918968,2.0,12.546003280316931,-20.004213569206133,28.718284762447773,0,0,0,0,3.9964382578752455,2026-05-03 11:09:45,0.0,2.0,0.0,0.0,0.0
ARG5353,Sedan,Mercedes-Benz,C-Class,Luxury,2009,1800,16000.0,Mutare,Private,,0.0,0.0,Urban,North,Sunny,Parked,0.0,0.0,700.0,0.0,5.0,75.64781172628095,2.0,12.5759128036751,-18.978445107398098,32.565640047762884,0,0,0,0,3.8893109577763356,2026-05-03 11:09:45,0.0,17.0,0.0,0.0,0.0
AKU0894,Pickup,Nissan,Navara/NP300,Light Commercial,2012,2400,28000.0,Masvingo,Commercial,TRIP-853935,23.38,0.642,Potholed,West,Thunderstorm,Driving,33.0,0.0730552254954049,1000.0,5.0,6.0,76.98564927194644,7.870425223538632,12.680829767941043,-20.042531035885258,30.705157826316047,1,0,3,4,2.916106509141532,2026-05-03 11:09:45,4.0,14.0,0.0,31.349999999999998,2.64
ADS1560,Sedan,Nissan,Sunny/Almera,Compact,2024,1500,5500.0,Masvingo,Private,,0.0,0.0,Urban,North,Thunderstorm,Parked,0.0,0.0,700.0,0.0,5.0,75.59283305881104,2.0,12.545013292677703,-19.925163804184283,30.763858100233342,0,0,0,0,2.90662233012492,2026-05-03 11:09:45,0.0,2.0,0.0,0.0,0.0
ARU6575,Pickup,Isuzu,D-Max,Light Commercial,2021,2500,32000.0,Bulawayo,Commercial,,0.0,0.0,Urban,North,Thunderstorm,Parked,0.0,0.0,700.0,0.0,5.0,75.91504048759406,2.0,12.556815970466687,-20.029247900454138,28.719167642319874,0,0,0,0,3.2753078507494218,2026-05-03 11:09:45,0.0,5.0,0.0,0.0,0.0
ARI5265,Sedan,Honda,Civic,Mid-size,2017,1500,8000.0,Bulawayo,Private,,0.0,0.0,Urban,North,Thunderstorm,Parked,0.0,0.0,700.0,0.0,5.0,75.74948970760254,2.0,12.53872319810284,-20.276781653839024,28.56662444714235,0,0,0,0,3.7840689702673624,2026-05-03 11:09:45,0.0,9.0,0.0,0.0,0.0
AEN4098,Sedan,Nissan,Bluebird Sylphy,Mid-size,2021,1800,7500.0,Gweru,Private,,0.0,0.0,Urban,North,Sunny,Parked,0.0,0.0,700.0,0.0,5.0,76.10569509427926,2.0,12.542525699606546,-19.37113740206524,29.699380200053827,0,0,0,0,3.005170425545064,2026-05-03 11:09:45,0.0,5.0,0.0,0.0,0.0
AEZ8494,SUV,BMW,X5,Luxury,2022,3000,35000.0,Harare,Private,TRIP-163420,32.33,0.463,Highway,East,Partly Cloudy,Driving,77.5,-0.9586126617281934,1000.0,7.0,6.0,76.66492181929333,9.389062992175491,12.612446685677924,-17.813963827037718,30.976787202001614,1,0,0,1,3.5532889666490166,2026-05-03 11:09:45,1.0,4.0,0.0,73.625,6.2
AUF3568,Van,Nissan,Caravan,Commercial,2009,2500,22000.0,Mutare,Commercial,TRIP-317748,24.15,0.843,Highway,West,Sunny,Driving,35.2,1.2733167705330657,1000.0,7.0,6.0,77.04321496481597,9.106299771278236,12.633103144715214,-18.92166035616406,32.8005432319766,0,1,0,1,3.3369592904114955,2026-05-03 11:09:45,1.0,17.0,0.0,33.44,2.8160000000000003
ADD4096,Sedan,Nissan,Tiida,Compact,2015,1500,6000.0,Chinhoyi,Private,,0.0,0.0,Urban,North,Sunny,Parked,0.0,0.0,700.0,0.0,5.0,76.01615272558965,2.0,12.564611888972115,-17.43100203242202,30.326913209887557,0,0,0,0,3.3982513994640424,2026-05-03 11:09:45,0.0,11.0,0.0,0.0,0.0
AVA1673,Sedan,Subaru,Impreza,Mid-size,2017,2000,9000.0,Bulawayo,Private,,0.0,0.0,Urban,North,Thunderstorm,Parked,0.0,0.0,700.0,0.0,5.0,75.69403511160961,2.0,12.534346124685475,-20.20016353496455,28.77545052081383,0,0,0,0,3.386292563578346,2026-05-03 11:09:45,0.0,9.0,0.0,0.0,0.0
AHC6811,Heavy Truck,Scania,R-Series,Heavy Commercial,2024,13000,150000.0,Gweru,Commercial,TRIP-747344,9.24,0.173,Highway,North,Sunny,Driving,62.2,-1.2943741712444254,1000.0,7.0,6.0,77.01606661136965,8.778820613924104,12.669162308977253,-19.601382299389527,29.90468171704775,3,1,1,5,3.5452703089759012,2026-05-03 11:09:45,5.0,2.0,0.0,59.09,4.976
AMY3245,Fuel Tanker,Scania,P-Series,Heavy Commercial,2015,11000,170000.0,Gweru,Commercial,,0.0,0.0,Urban,North,Sunny,Parked,0.0,0.0,700.0,0.0,5.0,75.99688935957519,2.0,12.577028215183041,-19.394384501195443,29.921684382014462,0,0,0,0,3.7064482463525725,2026-05-03 11:09:45,0.0,11.0,0.0,0.0,0.0
AGU9266,SUV,BMW,X5,Luxury,2011,3000,35000.0,Mutare,Private,,0.0,0.0,Urban,North,Sunny,Parked,0.0,0.0,700.0,0.0,5.0,75.9608777264664,2.0,12.559666542984557,-18.895070625504818,32.60113299233595,0,0,0,0,4.598898614111954,2026-05-03 11:09:45,0.0,15.0,0.0,0.0,0.0
AJG1655,SUV,Nissan,Murano,Full-size,2013,2500,18000.0,Bulawayo,Private,,0.0,0.0,Urban,North,Thunderstorm,Parked,0.0,0.0,700.0,0.0,5.0,75.73988533009017,2.0,12.58101790002284,-20.21530457141659,28.540311755916807,0,0,0,0,4.085531358195655,2026-05-03 11:09:45,0.0,13.0,0.0,0.0,0.0
API3132,SUV,Toyota,Rav4,Compact,2020,2000,15000.0,Mutare,Private,,0.0,0.0,Urban,North,Sunny,Parked,0.0,0.0,700.0,0.0,5.0,75.5845770498359,2.0,12.561917479191536,-18.99560225415028,32.80106951485907,0,0,0,0,4.005820986529355,2026-05-03 11:09:45,0.0,6.0,0.0,0.0,0.0
AIW0312,SUV,Mercedes-Benz,GLE,Luxury,2009,3000,40000.0,Shurugwi,Private,,0.0,0.0,Urban,North,Partly Cloudy,Parked,0.0,0.0,700.0,0.0,5.0,75.87887749132523,2.0,12.555332358970517,-19.77090156400091,30.04502120093131,0,0,0,0,3.633935888689327,2026-05-03 11:09:45,0.0,17.0,0.0,0.0,0.0
ARL2495,SUV,BMW,X5,Luxury,2021,3000,35000.0,Bulawayo,Private,,0.0,0.0,Urban,North,Thunderstorm,Parked,0.0,0.0,700.0,0.0,5.0,75.67416181512044,2.0,12.570982519540511,-20.138433940187685,28.734751815366167,0,0,0,0,3.2279480647082153,2026-05-03 11:09:45,0.0,5.0,0.0,0.0,0.0
AHI9091,Sedan,Subaru,Impreza,Mid-size,2024,2000,9000.0,Harare,Private,,0.0,0.0,Urban,North,Partly Cloudy,Parked,0.0,0.0,700.0,0.0,5.0,75.77372045309775,2.0,12.538289836624848,-17.864693541949173,30.962015442516464,0,0,0,0,3.249409456667164,2026-05-03 11:09:45,0.0,2.0,0.0,0.0,0.0
AYJ8760,Sedan,Toyota,Premio,Mid-size,2023,1500,9000.0,Mutare,Private,TRIP-286143,39.93,0.434,Highway,East,Sunny,Driving,92.12566523628004,-0.3171956649863197,1000.0,7.0,6.0,76.62325104370663,9.056479994853508,12.60566112847002,-19.06256664831018,32.62564746388424,2,2,0,4,3.4363366976486587,2026-05-03 11:09:45,4.0,3.0,0.0,87.51938197446604,7.370053218902403
AVZ2833,Sedan,Nissan,Sunny/Almera,Compact,2012,1500,5500.0,Gwanda,Private,,0.0,0.0,Urban,North,Sunny,Parked,0.0,0.0,700.0,0.0,5.0,76.10634044410487,2.0,12.512037669650315,-20.835948703310393,28.970036140713876,0,0,0,0,3.404867808022624,2026-05-03 11:09:45,0.0,14.0,0.0,0.0,0.0
AZK8127,Heavy Truck,MAN,TGS,Heavy Commercial,2025,12400,160000.0,Zvishavane,Commercial,,0.0,0.0,Urban,North,Light Rain,Parked,0.0,0.0,700.0,0.0,5.0,75.51353074256731,2.0,12.58274388287883,-20.299486317094484,30.173604547540815,0,0,0,0,3.2859163523627606,2026-05-03 11:09:45,0.0,1.0,0.0,0.0,0.0
